pair,sig,entry,exit,expA,expB,z,side,grams,notional,gross,gold,spread_pnl,cost,net,gross_bps,net_bps,reason,days,seg,slip
TEN_PETAL,2025-06-27,2025-06-30,2025-07-14,2025-07-31,2025-07-31,-2.07,1,100.0,963220,3380.0,0.0,3380.0,427.34371039999996,2952.6562896,35.09063350013496,30.654017665746142,revert,10,train,0
TEN_PETAL,2025-07-22,2025-07-23,2025-07-25,2025-08-29,2025-08-29,3.41,-1,100.0,999470,3260.0,-0.0,3260.0,438.85375439999996,2821.1462456,32.617287162195964,28.22642245990375,revert,2,train,0
TEN_PETAL,2025-08-04,2025-08-05,2025-08-12,2025-08-29,2025-08-29,2.09,-1,100.0,1008900,3430.0,-0.0,3430.0,441.781552,2988.218448,33.99742293587075,29.618579125780553,revert,5,train,0
TEN_PETAL,2025-09-19,2025-09-22,2025-09-23,2025-09-30,2025-09-30,2.09,-1,90.0,1011627,6651.0,0.0,6651.0,441.70711064,6209.29288936,65.745576185689,61.379272096929014,stop,1,train,0
TEN_PETAL,2025-10-17,2025-10-20,2025-11-04,2025-11-28,2025-11-28,-3.44,1,80.0,1046632,-3416.0,-0.0,-3416.0,455.49939264,-3871.49939264,-32.63802367976519,-36.99007284929183,time,11,test,0
TEN_PETAL,2025-11-04,2025-11-05,2025-11-11,2025-11-28,2025-11-28,-2.04,1,80.0,965640,1368.0,0.0,1368.0,428.17924160000007,939.8207583999999,14.166770224928545,9.732620421689242,revert,4,test,0
TEN_PETAL,2025-11-14,2025-11-17,2025-11-18,2025-11-28,2025-11-28,-2.11,1,80.0,984632,88.0,-0.0,88.0,435.15781824,-347.15781824,0.893734918223255,-3.525762094264659,roll,1,test,0
TEN_PETAL,2025-11-20,2025-11-21,2025-11-26,2025-12-31,2025-12-31,-2.32,1,80.0,1001608,256.0,0.0,256.0,440.46945855999996,-184.46945855999996,2.5558901286730933,-1.8417330788092745,revert,3,test,0
TEN_PETAL,2025-12-10,2025-12-11,2025-12-12,2025-12-31,2025-12-31,-2.13,1,80.0,1049096,-816.0,0.0,-816.0,456.84449471999994,-1272.84449472,-7.778125166810283,-12.132774262031312,revert,1,test,0
TEN_PETAL,2025-12-29,2025-12-30,2025-12-31,2026-01-30,2026-01-30,-4.01,1,70.0,963214,-4165.0,-0.0,-4165.0,428.26073168000005,-4593.26073168,-43.24065057193936,-47.68681447404212,stop,1,test,0
TEN_PETAL,2025-12-31,2026-01-01,2026-01-02,2026-01-30,2026-01-30,-5.94,1,70.0,956879,-3010.0,0.0,-3010.0,426.71431128000006,-3436.71431128,-31.456432840515888,-35.915871403594394,stop,1,test,0
TEN_PETAL,2026-01-02,2026-01-05,2026-01-14,2026-01-30,2026-01-30,-3.99,1,70.0,970333,5908.0,0.0,5908.0,431.42216856000005,5476.5778314399995,60.8863142859204,56.440189413737336,revert,7,test,0
TEN_PETAL,2026-01-21,2026-01-22,2026-01-23,2026-02-27,2026-02-27,-6.09,1,60.0,970452,3210.0,0.0,3210.0,434.74177184,2775.25822816,33.077370132680436,28.597583684303803,stop,1,test,0
TEN_PETAL,2026-01-23,2026-01-27,2026-01-28,2026-02-27,2026-02-27,-2.7,1,60.0,998010,12324.0,0.0,12324.0,440.93398640000004,11883.0660136,123.48573661586556,119.06760466929188,revert,1,test,0
TEN_PETAL,2026-03-25,2026-03-26,2026-03-27,2026-04-30,2026-04-30,6.65,-1,70.0,990829,-7476.0,0.0,-7476.0,436.75100088,-7912.75100088,-75.45197001702614,-79.85990519938355,stop,1,test,0
TEN_PETAL,2026-03-27,2026-03-30,2026-04-15,2026-04-30,2026-04-30,5.62,-1,70.0,1026228,1785.0,0.0,1785.0,448.25227696,1336.74772304,17.393795530817716,13.025835613918156,time,11,test,0
TEN_PETAL,2026-05-20,2026-05-21,2026-05-25,2026-05-29,2026-05-29,2.17,-1,60.0,954396,-120.0,-0.0,-120.0,423.51264512,-543.51264512,-1.257339720619114,-5.69483364473447,roll,2,test,0
TEN_PETAL,2026-05-26,2026-05-27,2026-06-02,2026-06-30,2026-06-30,2.03,-1,60.0,945342,1626.0,0.0,1626.0,420.23344303999994,1205.7665569600001,17.2001243994237,12.754818435656093,revert,4,test,0
TEN_PETAL,2026-08-05,2026-08-06,2026-08-13,2026-08-31,2026-08-31,2.31,-1,70.0,1033445,896.0,0.0,896.0,450.45577560000004,445.54422439999996,8.670030819250178,4.311252407239863,revert,5,test,0
TEN_PETAL,2026-09-09,2026-09-10,2026-09-24,2026-09-30,2026-09-30,2.08,-1,70.0,1068998,-903.0,-0.0,-903.0,462.4649033600001,-1365.46490336,-8.447162670089186,-12.773315790675007,roll,10,test,0
TEN_PETAL,2025-06-27,2025-06-30,2025-07-14,2025-07-31,2025-07-31,-2.07,1,100.0,963220,3380.0,0.0,3380.0,1201.9917104,2178.0082896,35.09063350013496,22.611742796038286,revert,10,train,2
TEN_PETAL,2025-07-22,2025-07-23,2025-07-25,2025-08-29,2025-08-29,3.41,-1,100.0,999470,3260.0,-0.0,3260.0,1240.2817544,2019.7182456,32.617287162195964,20.20789263909872,revert,2,train,2
TEN_PETAL,2025-08-04,2025-08-05,2025-08-12,2025-08-29,2025-08-29,2.09,-1,100.0,1008900,3430.0,-0.0,3430.0,1250.0215520000002,2179.978448,33.99742293587075,21.60747792645455,revert,5,train,2
TEN_PETAL,2025-09-19,2025-09-22,2025-09-23,2025-09-30,2025-09-30,2.09,-1,90.0,1011627,6651.0,0.0,6651.0,1249.77391064,5401.22608936,65.745576185689,53.391478176837914,stop,1,train,2
TEN_PETAL,2025-10-17,2025-10-20,2025-11-04,2025-11-28,2025-11-28,-3.44,1,80.0,1046632,-3416.0,-0.0,-3416.0,1295.6561926400002,-4711.65619264,-32.63802367976519,-45.017314515894796,time,11,test,2
TEN_PETAL,2025-11-04,2025-11-05,2025-11-11,2025-11-28,2025-11-28,-2.04,1,80.0,965640,1368.0,0.0,1368.0,1204.7712416,163.22875840000006,14.166770224928545,1.690368650842965,revert,4,test,2
TEN_PETAL,2025-11-14,2025-11-17,2025-11-18,2025-11-28,2025-11-28,-2.11,1,80.0,984632,88.0,-0.0,88.0,1227.98661824,-1139.98661824,0.893734918223255,-11.577793716231039,roll,1,test,2
TEN_PETAL,2025-11-20,2025-11-21,2025-11-26,2025-12-31,2025-12-31,-2.32,1,80.0,1001608,256.0,0.0,256.0,1245.6566585599999,-989.6566585599999,2.5558901286730933,-9.88067845464493,revert,3,test,2
TEN_PETAL,2025-12-10,2025-12-11,2025-12-12,2025-12-31,2025-12-31,-2.13,1,80.0,1049096,-816.0,0.0,-816.0,1300.13089472,-2116.13089472,-7.778125166810283,-20.1709938339294,revert,1,test,2
TEN_PETAL,2025-12-29,2025-12-30,2025-12-31,2026-01-30,2026-01-30,-4.01,1,70.0,963214,-4165.0,-0.0,-4165.0,1205.04233168,-5370.04233168,-43.24065057193936,-55.751290281079804,stop,1,test,2
TEN_PETAL,2025-12-31,2026-01-01,2026-01-02,2026-01-30,2026-01-30,-5.94,1,70.0,956879,-3010.0,0.0,-3010.0,1199.8979112799998,-4209.89791128,-31.456432840515888,-43.996136515484196,stop,1,test,2
TEN_PETAL,2026-01-02,2026-01-05,2026-01-14,2026-01-30,2026-01-30,-3.99,1,70.0,970333,5908.0,0.0,5908.0,1215.5593685600002,4692.44063144,60.8863142859204,48.359074992193406,revert,7,test,2
TEN_PETAL,2026-01-21,2026-01-22,2026-01-23,2026-02-27,2026-02-27,-6.09,1,60.0,970452,3210.0,0.0,3210.0,1226.60257184,1983.39742816,33.077370132680436,20.43787253939401,stop,1,test,2
TEN_PETAL,2026-01-23,2026-01-27,2026-01-28,2026-02-27,2026-02-27,-2.7,1,60.0,998010,12324.0,0.0,12324.0,1247.2019864000001,11076.7980136,123.48573661586556,110.98884794340736,revert,1,test,2
TEN_PETAL,2026-03-25,2026-03-26,2026-03-27,2026-04-30,2026-04-30,6.65,-1,70.0,990829,-7476.0,0.0,-7476.0,1233.28660088,-8709.28660088,-75.45197001702614,-87.89898762430246,stop,1,test,2
TEN_PETAL,2026-03-27,2026-03-30,2026-04-15,2026-04-30,2026-04-30,5.62,-1,70.0,1026228,1785.0,0.0,1785.0,1271.54747696,513.45252304,17.393795530817716,5.003298711787244,time,11,test,2
TEN_PETAL,2026-05-20,2026-05-21,2026-05-25,2026-05-29,2026-05-29,2.17,-1,60.0,954396,-120.0,-0.0,-120.0,1189.24704512,-1309.24704512,-1.257339720619114,-13.718069282771511,roll,2,test,2
TEN_PETAL,2026-05-26,2026-05-27,2026-06-02,2026-06-30,2026-06-30,2.03,-1,60.0,945342,1626.0,0.0,1626.0,1178.33824304,447.66175696000005,17.2001243994237,4.735447668251279,revert,4,test,2
TEN_PETAL,2026-08-05,2026-08-06,2026-08-13,2026-08-31,2026-08-31,2.31,-1,70.0,1033445,896.0,0.0,896.0,1278.8777756,-382.87777559999995,8.670030819250178,-3.7048684313146802,revert,5,test,2
TEN_PETAL,2026-09-09,2026-09-10,2026-09-24,2026-09-30,2026-09-30,2.08,-1,70.0,1068998,-903.0,-0.0,-903.0,1318.8281033600001,-2221.82810336,-8.447162670089186,-20.78421197570061,roll,10,test,2
TEN_PETAL,2025-06-27,2025-06-30,2025-07-14,2025-07-31,2025-07-31,-2.07,1,100.0,963220,3380.0,0.0,3380.0,2363.9637104,1016.0362896000001,35.09063350013496,10.548330491476507,revert,10,train,5
TEN_PETAL,2025-07-22,2025-07-23,2025-07-25,2025-08-29,2025-08-29,3.41,-1,100.0,999470,3260.0,-0.0,3260.0,2442.4237544,817.5762456000002,32.617287162195964,8.180097907891184,revert,2,train,5
TEN_PETAL,2025-08-04,2025-08-05,2025-08-12,2025-08-29,2025-08-29,2.09,-1,100.0,1008900,3430.0,-0.0,3430.0,2462.381552,967.6184480000002,33.99742293587075,9.590826127465558,revert,5,train,5
TEN_PETAL,2025-09-19,2025-09-22,2025-09-23,2025-09-30,2025-09-30,2.09,-1,90.0,1011627,6651.0,0.0,6651.0,2461.87411064,4189.125889360001,65.745576185689,41.40978729670127,stop,1,train,5
TEN_PETAL,2025-10-17,2025-10-20,2025-11-04,2025-11-28,2025-11-28,-3.44,1,80.0,1046632,-3416.0,-0.0,-3416.0,2555.89139264,-5971.89139264,-32.63802367976519,-57.05817701579925,time,11,test,5
TEN_PETAL,2025-11-04,2025-11-05,2025-11-11,2025-11-28,2025-11-28,-2.04,1,80.0,965640,1368.0,0.0,1368.0,2369.6592416000003,-1001.6592416000003,14.166770224928545,-10.373009005426455,revert,4,test,5
TEN_PETAL,2025-11-14,2025-11-17,2025-11-18,2025-11-28,2025-11-28,-2.11,1,80.0,984632,88.0,-0.0,88.0,2417.22981824,-2329.22981824,0.893734918223255,-23.655841149180606,roll,1,test,5
TEN_PETAL,2025-11-20,2025-11-21,2025-11-26,2025-12-31,2025-12-31,-2.32,1,80.0,1001608,256.0,0.0,256.0,2453.43745856,-2197.43745856,2.5558901286730933,-21.939096518398415,revert,3,test,5
TEN_PETAL,2025-12-10,2025-12-11,2025-12-12,2025-12-31,2025-12-31,-2.13,1,80.0,1049096,-816.0,0.0,-816.0,2565.06049472,-3381.06049472,-7.778125166810283,-32.22832319177654,revert,1,test,5
TEN_PETAL,2025-12-29,2025-12-30,2025-12-31,2026-01-30,2026-01-30,-4.01,1,70.0,963214,-4165.0,-0.0,-4165.0,2370.21473168,-6535.21473168,-43.24065057193936,-67.84800399163633,stop,1,test,5
TEN_PETAL,2025-12-31,2026-01-01,2026-01-02,2026-01-30,2026-01-30,-5.94,1,70.0,956879,-3010.0,0.0,-3010.0,2359.6733112800002,-5369.67331128,-31.456432840515888,-56.11653418331889,stop,1,test,5
TEN_PETAL,2026-01-02,2026-01-05,2026-01-14,2026-01-30,2026-01-30,-3.99,1,70.0,970333,5908.0,0.0,5908.0,2391.7651685600003,3516.2348314399997,60.8863142859204,36.23740335987748,revert,7,test,5
TEN_PETAL,2026-01-21,2026-01-22,2026-01-23,2026-02-27,2026-02-27,-6.09,1,60.0,970452,3210.0,0.0,3210.0,2414.39377184,795.6062281599998,33.077370132680436,8.198305822029319,stop,1,test,5
TEN_PETAL,2026-01-23,2026-01-27,2026-01-28,2026-02-27,2026-02-27,-2.7,1,60.0,998010,12324.0,0.0,12324.0,2456.6039864,9867.3960136,123.48573661586556,98.8707128545806,revert,1,test,5
TEN_PETAL,2026-03-25,2026-03-26,2026-03-27,2026-04-30,2026-04-30,6.65,-1,70.0,990829,-7476.0,0.0,-7476.0,2428.09000088,-9904.09000088,-75.45197001702614,-99.95761126168087,stop,1,test,5
TEN_PETAL,2026-03-27,2026-03-30,2026-04-15,2026-04-30,2026-04-30,5.62,-1,70.0,1026228,1785.0,0.0,1785.0,2506.49027696,-721.4902769599998,17.393795530817716,-7.03050664140912,time,11,test,5
TEN_PETAL,2026-05-20,2026-05-21,2026-05-25,2026-05-29,2026-05-29,2.17,-1,60.0,954396,-120.0,-0.0,-120.0,2337.8486451199997,-2457.8486451199997,-1.257339720619114,-25.75292273982707,roll,2,test,5
TEN_PETAL,2026-05-26,2026-05-27,2026-06-02,2026-06-30,2026-06-30,2.03,-1,60.0,945342,1626.0,0.0,1626.0,2315.4954430400003,-689.4954430400003,17.2001243994237,-7.293608482855943,revert,4,test,5
TEN_PETAL,2026-08-05,2026-08-06,2026-08-13,2026-08-31,2026-08-31,2.31,-1,70.0,1033445,896.0,0.0,896.0,2521.5107755999998,-1625.5107755999998,8.670030819250178,-15.729049689146493,revert,5,test,5
TEN_PETAL,2026-09-09,2026-09-10,2026-09-24,2026-09-30,2026-09-30,2.08,-1,70.0,1068998,-903.0,-0.0,-903.0,2603.3729033600002,-3506.3729033600002,-8.447162670089186,-32.800556253239016,roll,10,test,5
TEN_PETAL,2025-06-27,2025-06-30,2025-07-14,2025-07-31,2025-07-31,-2.07,1,100.0,963220,3380.0,0.0,3380.0,4300.5837104,-920.5837104000002,35.09063350013496,-9.557356682793134,revert,10,train,10
TEN_PETAL,2025-07-22,2025-07-23,2025-07-25,2025-08-29,2025-08-29,3.41,-1,100.0,999470,3260.0,-0.0,3260.0,4445.9937544,-1185.9937544000004,32.617287162195964,-11.866226644121388,revert,2,train,10
TEN_PETAL,2025-08-04,2025-08-05,2025-08-12,2025-08-29,2025-08-29,2.09,-1,100.0,1008900,3430.0,-0.0,3430.0,4482.981552,-1052.9815520000002,33.99742293587075,-10.436926870849442,revert,5,train,10
TEN_PETAL,2025-09-19,2025-09-22,2025-09-23,2025-09-30,2025-09-30,2.09,-1,90.0,1011627,6651.0,0.0,6651.0,4482.041110639999,2168.958889360001,65.745576185689,21.440302496473517,stop,1,train,10
TEN_PETAL,2025-10-17,2025-10-20,2025-11-04,2025-11-28,2025-11-28,-3.44,1,80.0,1046632,-3416.0,-0.0,-3416.0,4656.28339264,-8072.28339264,-32.63802367976519,-77.12628118230667,time,11,test,10
TEN_PETAL,2025-11-04,2025-11-05,2025-11-11,2025-11-28,2025-11-28,-2.04,1,80.0,965640,1368.0,0.0,1368.0,4311.1392416,-2943.1392416,14.166770224928545,-30.478638432542148,revert,4,test,10
TEN_PETAL,2025-11-14,2025-11-17,2025-11-18,2025-11-28,2025-11-28,-2.11,1,80.0,984632,88.0,-0.0,88.0,4399.30181824,-4311.30181824,0.893734918223255,-43.785920204096556,roll,1,test,10
TEN_PETAL,2025-11-20,2025-11-21,2025-11-26,2025-12-31,2025-12-31,-2.32,1,80.0,1001608,256.0,0.0,256.0,4466.405458559999,-4210.405458559999,2.5558901286730933,-42.03645995798754,revert,3,test,10
TEN_PETAL,2025-12-10,2025-12-11,2025-12-12,2025-12-31,2025-12-31,-2.13,1,80.0,1049096,-816.0,0.0,-816.0,4673.276494719999,-5489.276494719999,-7.778125166810283,-52.32387212152176,revert,1,test,10
TEN_PETAL,2025-12-29,2025-12-30,2025-12-31,2026-01-30,2026-01-30,-4.01,1,70.0,963214,-4165.0,-0.0,-4165.0,4312.16873168,-8477.16873168,-43.24065057193936,-88.00919350923056,stop,1,test,10
TEN_PETAL,2025-12-31,2026-01-01,2026-01-02,2026-01-30,2026-01-30,-5.94,1,70.0,956879,-3010.0,0.0,-3010.0,4292.63231128,-7302.63231128,-31.456432840515888,-76.31719696304339,stop,1,test,10
TEN_PETAL,2026-01-02,2026-01-05,2026-01-14,2026-01-30,2026-01-30,-3.99,1,70.0,970333,5908.0,0.0,5908.0,4352.10816856,1555.8918314399998,60.8863142859204,16.034617306017623,revert,7,test,10
TEN_PETAL,2026-01-21,2026-01-22,2026-01-23,2026-02-27,2026-02-27,-6.09,1,60.0,970452,3210.0,0.0,3210.0,4394.04577184,-1184.0457718400003,33.077370132680436,-12.200972040245166,stop,1,test,10
TEN_PETAL,2026-01-23,2026-01-27,2026-01-28,2026-02-27,2026-02-27,-2.7,1,60.0,998010,12324.0,0.0,12324.0,4472.2739864000005,7851.7260135999995,123.48573661586556,78.67382103986932,revert,1,test,10
TEN_PETAL,2026-03-25,2026-03-26,2026-03-27,2026-04-30,2026-04-30,6.65,-1,70.0,990829,-7476.0,0.0,-7476.0,4419.429000879999,-11895.429000879998,-75.45197001702614,-120.05531732397819,stop,1,test,10
TEN_PETAL,2026-03-27,2026-03-30,2026-04-15,2026-04-30,2026-04-30,5.62,-1,70.0,1026228,1785.0,0.0,1785.0,4564.72827696,-2779.7282769599997,17.393795530817716,-27.0868488967364,time,11,test,10
TEN_PETAL,2026-05-20,2026-05-21,2026-05-25,2026-05-29,2026-05-29,2.17,-1,60.0,954396,-120.0,-0.0,-120.0,4252.18464512,-4372.18464512,-1.257339720619114,-45.81101183491968,roll,2,test,10
TEN_PETAL,2026-05-26,2026-05-27,2026-06-02,2026-06-30,2026-06-30,2.03,-1,60.0,945342,1626.0,0.0,1626.0,4210.75744304,-2584.75744304,17.2001243994237,-27.34203540136797,revert,4,test,10
TEN_PETAL,2026-08-05,2026-08-06,2026-08-13,2026-08-31,2026-08-31,2.31,-1,70.0,1033445,896.0,0.0,896.0,4592.5657756,-3696.5657756,8.670030819250178,-35.769351785532855,revert,5,test,10
TEN_PETAL,2026-09-09,2026-09-10,2026-09-24,2026-09-30,2026-09-30,2.08,-1,70.0,1068998,-903.0,-0.0,-903.0,4744.28090336,-5647.28090336,-8.447162670089186,-52.827796715803025,roll,10,test,10
GUINEA_TEN,2025-07-22,2025-07-23,2025-07-25,2025-08-29,2025-08-29,-2.79,1,80.0,800890,2458.0,-0.0,2458.0,369.55211472,2088.44788528,30.69085642223027,26.076588361447886,revert,2,train,0
GUINEA_TEN,2025-10-08,2025-10-09,2025-10-14,2025-10-31,2025-10-31,3.74,-1,80.0,972410,3862.0,0.0,3862.0,427.0325352,3434.9674648,39.71575775650189,35.32427129297313,revert,3,test,0
GUINEA_TEN,2025-12-26,2025-12-29,2025-12-31,2026-01-30,2026-01-30,2.51,-1,80.0,1104150,-12772.0,0.0,-12772.0,470.89757936,-13242.89757936,-115.67268939908524,-119.9374865675859,stop,2,test,0
GUINEA_TEN,2025-12-31,2026-01-01,2026-01-09,2026-01-30,2026-01-30,5.39,-1,80.0,1119360,8464.0,0.0,8464.0,474.84795712,7989.15204288,75.61463693539166,71.37249895368782,time,6,test,0
GUINEA_TEN,2026-01-21,2026-01-22,2026-01-28,2026-02-27,2026-02-27,4.22,-1,40.0,670815,21283.0,0.0,21283.0,320.95325335999996,20962.04674664,317.2707825555481,312.4862554749074,revert,3,test,0
GUINEA_TEN,2026-03-25,2026-03-26,2026-03-30,2026-04-30,2026-04-30,-4.32,1,80.0,1142180,-6256.0,0.0,-6256.0,485.44166752,-6741.44166752,-54.77245267821184,-59.022585472692576,stop,2,test,0
GUINEA_TEN,2026-03-30,2026-03-31,2026-04-09,2026-04-30,2026-04-30,-2.77,1,80.0,1199940,2162.0,0.0,2162.0,506.4544176,1655.5455824,18.01756754504392,13.796903031818259,time,6,test,0
GUINEA_TEN,2026-08-05,2026-08-06,2026-08-13,2026-08-31,2026-08-31,-2.86,1,80.0,1184990,1374.0,0.0,1374.0,501.1747544,872.8252456,11.59503455725365,7.365676044523582,revert,5,test,0
GUINEA_TEN,2026-09-18,2026-09-21,2026-09-24,2026-09-30,2026-09-30,-3.4,1,80.0,1230710,-194.0,-0.0,-194.0,516.9913944,-710.9913944,-1.5763258606820454,-5.777083101624266,revert,3,test,0
GUINEA_TEN,2025-07-22,2025-07-23,2025-07-25,2025-08-29,2025-08-29,-2.79,1,80.0,800890,2458.0,-0.0,2458.0,1009.7385147200001,1448.2614852799998,30.69085642223027,18.083151060445253,revert,2,train,2
GUINEA_TEN,2025-10-08,2025-10-09,2025-10-14,2025-10-31,2025-10-31,3.74,-1,80.0,972410,3862.0,0.0,3862.0,1200.9565352,2661.0434648,39.71575775650189,27.365447340113743,revert,3,test,2
GUINEA_TEN,2025-12-26,2025-12-29,2025-12-31,2026-01-30,2026-01-30,2.51,-1,80.0,1104150,-12772.0,0.0,-12772.0,1346.8807793600001,-14118.88077936,-115.67268939908524,-127.87103907403883,stop,2,test,2
GUINEA_TEN,2025-12-31,2026-01-01,2026-01-09,2026-01-30,2026-01-30,5.39,-1,80.0,1119360,8464.0,0.0,8464.0,1360.02235712,7103.97764288,75.61463693539166,63.46463731846769,time,6,test,2
GUINEA_TEN,2026-01-21,2026-01-22,2026-01-28,2026-02-27,2026-02-27,4.22,-1,40.0,670815,21283.0,0.0,21283.0,848.06645336,20434.93354664,317.2707825555481,304.6284526529669,revert,3,test,2
GUINEA_TEN,2026-03-25,2026-03-26,2026-03-30,2026-04-30,2026-04-30,-4.32,1,80.0,1142180,-6256.0,0.0,-6256.0,1395.26406752,-7651.26406752,-54.77245267821184,-66.98825112959429,stop,2,test,2
GUINEA_TEN,2026-03-30,2026-03-31,2026-04-09,2026-04-30,2026-04-30,-2.77,1,80.0,1199940,2162.0,0.0,2162.0,1465.1664176,696.8335824000001,18.01756754504392,5.807236881844093,time,6,test,2
GUINEA_TEN,2026-08-05,2026-08-06,2026-08-13,2026-08-31,2026-08-31,-2.86,1,80.0,1184990,1374.0,0.0,1374.0,1447.6027543999999,-73.60275439999987,11.59503455725365,-0.6211255318610273,revert,5,test,2
GUINEA_TEN,2026-09-18,2026-09-21,2026-09-24,2026-09-30,2026-09-30,-3.4,1,80.0,1230710,-194.0,-0.0,-194.0,1500.2193944,-1694.2193944,-1.5763258606820454,-13.766195077638113,revert,3,test,2
GUINEA_TEN,2025-07-22,2025-07-23,2025-07-25,2025-08-29,2025-08-29,-2.79,1,80.0,800890,2458.0,-0.0,2458.0,1970.01811472,487.9818852799999,30.69085642223027,6.0929951089413015,revert,2,train,5
GUINEA_TEN,2025-10-08,2025-10-09,2025-10-14,2025-10-31,2025-10-31,3.74,-1,80.0,972410,3862.0,0.0,3862.0,2361.8425352,1500.1574648,39.71575775650189,15.427211410824656,revert,3,test,5
GUINEA_TEN,2025-12-26,2025-12-29,2025-12-31,2026-01-30,2026-01-30,2.51,-1,80.0,1104150,-12772.0,0.0,-12772.0,2660.85557936,-15432.855579359999,-115.67268939908524,-139.7713678337182,stop,2,test,5
GUINEA_TEN,2025-12-31,2026-01-01,2026-01-09,2026-01-30,2026-01-30,5.39,-1,80.0,1119360,8464.0,0.0,8464.0,2687.7839571199997,5776.21604288,75.61463693539166,51.60284486563751,time,6,test,5
GUINEA_TEN,2026-01-21,2026-01-22,2026-01-28,2026-02-27,2026-02-27,4.22,-1,40.0,670815,21283.0,0.0,21283.0,1638.7362533599999,19644.26374664,317.2707825555481,292.8417484200562,revert,3,test,5
GUINEA_TEN,2026-03-25,2026-03-26,2026-03-30,2026-04-30,2026-04-30,-4.32,1,80.0,1142180,-6256.0,0.0,-6256.0,2759.99766752,-9015.99766752,-54.77245267821184,-78.93674961494686,stop,2,test,5
GUINEA_TEN,2026-03-30,2026-03-31,2026-04-09,2026-04-30,2026-04-30,-2.77,1,80.0,1199940,2162.0,0.0,2162.0,2903.2344176,-741.2344176000001,18.01756754504392,-6.177262343117158,time,6,test,5
GUINEA_TEN,2026-08-05,2026-08-06,2026-08-13,2026-08-31,2026-08-31,-2.86,1,80.0,1184990,1374.0,0.0,1374.0,2867.2447543999997,-1493.2447543999997,11.59503455725365,-12.60132789643794,revert,5,test,5
GUINEA_TEN,2026-09-18,2026-09-21,2026-09-24,2026-09-30,2026-09-30,-3.4,1,80.0,1230710,-194.0,-0.0,-194.0,2975.0613943999997,-3169.0613943999997,-1.5763258606820454,-25.749863041658877,revert,3,test,5
GUINEA_TEN,2025-07-22,2025-07-23,2025-07-25,2025-08-29,2025-08-29,-2.79,1,80.0,800890,2458.0,-0.0,2458.0,3570.4841147200004,-1112.4841147200004,30.69085642223027,-13.890598143565288,revert,2,train,10
GUINEA_TEN,2025-10-08,2025-10-09,2025-10-14,2025-10-31,2025-10-31,3.74,-1,80.0,972410,3862.0,0.0,3862.0,4296.652535199999,-434.65253519999897,39.71575775650189,-4.4698484713238145,revert,3,test,10
GUINEA_TEN,2025-12-26,2025-12-29,2025-12-31,2026-01-30,2026-01-30,2.51,-1,80.0,1104150,-12772.0,0.0,-12772.0,4850.81357936,-17622.81357936,-115.67268939908524,-159.60524909985054,stop,2,test,10
GUINEA_TEN,2025-12-31,2026-01-01,2026-01-09,2026-01-30,2026-01-30,5.39,-1,80.0,1119360,8464.0,0.0,8464.0,4900.71995712,3563.28004288,75.61463693539166,31.83319077758719,time,6,test,10
GUINEA_TEN,2026-01-21,2026-01-22,2026-01-28,2026-02-27,2026-02-27,4.22,-1,40.0,670815,21283.0,0.0,21283.0,2956.5192533599998,18326.48074664,317.2707825555481,273.19724136520506,revert,3,test,10
GUINEA_TEN,2026-03-25,2026-03-26,2026-03-30,2026-04-30,2026-04-30,-4.32,1,80.0,1142180,-6256.0,0.0,-6256.0,5034.55366752,-11290.55366752,-54.77245267821184,-98.85091375720116,stop,2,test,10
GUINEA_TEN,2026-03-30,2026-03-31,2026-04-09,2026-04-30,2026-04-30,-2.77,1,80.0,1199940,2162.0,0.0,2162.0,5300.0144176,-3138.0144176000003,18.01756754504392,-26.151427718052574,time,6,test,10
GUINEA_TEN,2026-08-05,2026-08-06,2026-08-13,2026-08-31,2026-08-31,-2.86,1,80.0,1184990,1374.0,0.0,1374.0,5233.3147544,-3859.3147544000003,11.59503455725365,-32.56833183739948,revert,5,test,10
GUINEA_TEN,2026-09-18,2026-09-21,2026-09-24,2026-09-30,2026-09-30,-3.4,1,80.0,1230710,-194.0,-0.0,-194.0,5433.131394399999,-5627.131394399999,-1.5763258606820454,-45.72264298169349,revert,3,test,10
M_TEN,2025-07-22,2025-07-23,2025-07-24,2025-08-05,2025-08-29,4.85,-1,100.0,993040,390.0,-23.903903903904187,413.90390390390417,436.9523192,-46.95231919999998,3.9273342463546284,-0.4728139772818817,revert,1,train,0
M_TEN,2025-10-01,2025-10-03,2025-10-09,2025-11-05,2025-10-31,-2.56,1,100.0,1173700,-1050.0,-104.26426426426553,-945.7357357357345,498.5254672,-1548.5254672,-8.946067990116726,-13.193537251427111,roll,4,test,0
M_TEN,2025-10-16,2025-10-17,2025-10-23,2025-11-05,2025-11-28,-3.39,1,100.0,1259510,3540.0,120.12012012012154,3419.8798798798784,529.9146208,3010.0853792,28.106168271788235,23.89886050289398,revert,4,test,0
M_TEN,2025-12-16,2025-12-17,2025-12-26,2026-01-05,2026-01-30,-3.28,1,100.0,1331150,-5170.0,-207.84784784785083,-4962.152152152149,555.4963167999999,-5725.4963167999995,-38.83859820455997,-43.01165395935845,revert,6,test,0
M_TEN,2026-01-30,2026-02-01,2026-02-09,2026-03-05,2026-02-27,-7.84,1,100.0,1446120,-1630.0,-475.7957957958034,-1154.2042042041967,596.9221600000001,-2226.92216,-11.27154039775399,-15.399290238707714,time,6,test,0
M_TEN,2026-05-26,2026-05-27,2026-05-29,2026-06-05,2026-06-30,5.25,-1,100.0,1552610,2990.0,41.00100100100157,2948.9989989989986,632.1967056,2357.8032944,19.257894770740883,15.186062787177722,roll,2,test,0
M_TEN,2026-07-22,2026-07-23,2026-07-28,2026-08-05,2026-07-31,4.24,-1,100.0,1426180,-830.0,-50.17017017017059,-779.8298298298294,584.8929175999999,-1414.8929176,-5.81974224852403,-9.92085793939054,expiry,3,test,0
M_TEN,2025-07-22,2025-07-23,2025-07-24,2025-08-05,2025-08-29,4.85,-1,100.0,993040,390.0,-23.903903903904187,413.90390390390417,1233.9563191999998,-843.9563191999998,3.9273342463546284,-8.4987142431322,revert,1,train,2
M_TEN,2025-10-01,2025-10-03,2025-10-09,2025-11-05,2025-10-31,-2.56,1,100.0,1173700,-1050.0,-104.26426426426553,-945.7357357357345,1438.7894672,-2488.7894672,-8.946067990116726,-21.20464741586436,roll,4,test,2
M_TEN,2025-10-16,2025-10-17,2025-10-23,2025-11-05,2025-11-28,-3.39,1,100.0,1259510,3540.0,120.12012012012154,3419.8798798798784,1543.2106207999998,1996.7893792000002,28.106168271788235,15.853700083365755,revert,4,test,2
M_TEN,2025-12-16,2025-12-17,2025-12-26,2026-01-05,2026-01-30,-3.28,1,100.0,1331150,-5170.0,-207.84784784785083,-4962.152152152149,1628.3123168000002,-6798.3123168,-38.83859820455997,-51.07097109116177,revert,6,test,2
M_TEN,2026-01-30,2026-02-01,2026-02-09,2026-03-05,2026-02-27,-7.84,1,100.0,1446120,-1630.0,-475.7957957958034,-1154.2042042041967,1766.12216,-3396.12216,-11.27154039775399,-23.484373081072107,time,6,test,2
M_TEN,2026-05-26,2026-05-27,2026-05-29,2026-06-05,2026-06-30,5.25,-1,100.0,1552610,2990.0,41.00100100100157,2948.9989989989986,1883.4687055999998,1106.5312944000002,19.257894770740883,7.1269107786243815,roll,2,test,2
M_TEN,2026-07-22,2026-07-23,2026-07-28,2026-08-05,2026-07-31,4.24,-1,100.0,1426180,-830.0,-50.17017017017059,-779.8298298298294,1726.1049176,-2556.1049175999997,-5.81974224852403,-17.922737085080424,expiry,3,test,2
M_TEN,2025-07-22,2025-07-23,2025-07-24,2025-08-05,2025-08-29,4.85,-1,100.0,993040,390.0,-23.903903903904187,413.90390390390417,2429.4623192,-2039.4623192,3.9273342463546284,-20.53756464190768,revert,1,train,5
M_TEN,2025-10-01,2025-10-03,2025-10-09,2025-11-05,2025-10-31,-2.56,1,100.0,1173700,-1050.0,-104.26426426426553,-945.7357357357345,2849.1854672,-3899.1854672,-8.946067990116726,-33.22131266252023,roll,4,test,5
M_TEN,2025-10-16,2025-10-17,2025-10-23,2025-11-05,2025-11-28,-3.39,1,100.0,1259510,3540.0,120.12012012012154,3419.8798798798784,3063.1546208,476.8453792,28.106168271788235,3.7859594540734096,revert,4,test,5
M_TEN,2025-12-16,2025-12-17,2025-12-26,2026-01-05,2026-01-30,-3.28,1,100.0,1331150,-5170.0,-207.84784784785083,-4962.152152152149,3237.5363168000003,-8407.5363168,-38.83859820455997,-63.15994678886677,revert,6,test,5
M_TEN,2026-01-30,2026-02-01,2026-02-09,2026-03-05,2026-02-27,-7.84,1,100.0,1446120,-1630.0,-475.7957957958034,-1154.2042042041967,3519.92216,-5149.92216,-11.27154039775399,-35.6119973446187,time,6,test,5
M_TEN,2026-05-26,2026-05-27,2026-05-29,2026-06-05,2026-06-30,5.25,-1,100.0,1552610,2990.0,41.00100100100157,2948.9989989989986,3760.3767055999997,-770.3767055999997,19.257894770740883,-4.9618172342056255,roll,2,test,5
M_TEN,2026-07-22,2026-07-23,2026-07-28,2026-08-05,2026-07-31,4.24,-1,100.0,1426180,-830.0,-50.17017017017059,-779.8298298298294,3437.9229176,-4267.9229176,-5.81974224852403,-29.925555803615257,expiry,3,test,5
M_TEN,2025-07-22,2025-07-23,2025-07-24,2025-08-05,2025-08-29,4.85,-1,100.0,993040,390.0,-23.903903903904187,413.90390390390417,4421.9723192,-4031.9723192,3.9273342463546284,-40.60231530653348,revert,1,train,10
M_TEN,2025-10-01,2025-10-03,2025-10-09,2025-11-05,2025-10-31,-2.56,1,100.0,1173700,-1050.0,-104.26426426426553,-945.7357357357345,5199.845467200001,-6249.845467200001,-8.946067990116726,-53.249088073613365,roll,4,test,10
M_TEN,2025-10-16,2025-10-17,2025-10-23,2025-11-05,2025-11-28,-3.39,1,100.0,1259510,3540.0,120.12012012012154,3419.8798798798784,5596.3946208,-2056.3946207999998,28.106168271788235,-16.32694159474716,revert,4,test,10
M_TEN,2025-12-16,2025-12-17,2025-12-26,2026-01-05,2026-01-30,-3.28,1,100.0,1331150,-5170.0,-207.84784784785083,-4962.152152152149,5919.5763168,-11089.576316800001,-38.83859820455997,-83.3082396183751,revert,6,test,10
M_TEN,2026-01-30,2026-02-01,2026-02-09,2026-03-05,2026-02-27,-7.84,1,100.0,1446120,-1630.0,-475.7957957958034,-1154.2042042041967,6442.92216,-8072.92216,-11.27154039775399,-55.824704450529694,time,6,test,10
M_TEN,2026-05-26,2026-05-27,2026-05-29,2026-06-05,2026-06-30,5.25,-1,100.0,1552610,2990.0,41.00100100100157,2948.9989989989986,6888.5567056,-3898.5567056,19.257894770740883,-25.109697255588976,roll,2,test,10
M_TEN,2026-07-22,2026-07-23,2026-07-28,2026-08-05,2026-07-31,4.24,-1,100.0,1426180,-830.0,-50.17017017017059,-779.8298298298294,6290.9529176,-7120.9529176,-5.81974224852403,-49.93025366783997,expiry,3,test,10
M_PETAL,2023-12-27,2023-12-28,2024-01-04,2024-02-05,2024-01-31,2.02,-1,200.0,1267260,2740.0,-44.844844844845554,2784.8448448448457,526.7547312000002,2213.2452688,21.621451004529455,17.46480808042548,revert,5,train,0
M_PETAL,2024-03-08,2024-03-11,2024-03-15,2024-04-05,2024-03-28,2.01,-1,200.0,1317440,6500.0,-14.41441441441441,6514.414414414415,542.3272447999999,5957.6727552,49.33811027447171,45.221586980811274,revert,4,train,0
M_PETAL,2024-04-01,2024-04-02,2024-04-17,2024-05-03,2024-04-30,2.04,-1,100.0,685660,14710.0,224.2242242242274,14485.775775775772,327.2759552,14382.7240448,214.53781757722487,209.76466535600733,revert,11,train,0
M_PETAL,2024-04-17,2024-04-18,2024-04-25,2024-05-03,2024-04-30,-3.13,1,100.0,730160,8690.0,86.48648648648755,8603.513513513513,344.8977552,8345.1022448,119.01501040867754,114.29141893283662,expiry,5,train,0
M_PETAL,2024-06-07,2024-06-10,2024-06-25,2024-07-05,2024-06-28,-2.2,1,100.0,713030,-3320.0,-9.209209209209206,-3310.7907907907907,339.0473176,-3659.0473176,-46.56185574239513,-51.31687751707502,expiry,11,train,0
M_PETAL,2024-08-16,2024-08-19,2024-08-26,2024-09-05,2024-08-30,2.52,-1,100.0,711380,-3520.0,0.40040040040040026,-3520.4004004004005,336.71780160000003,-3856.7178016,-49.481289887261376,-54.21459419157131,roll,5,train,0
M_PETAL,2024-09-27,2024-09-30,2024-10-14,2024-10-31,2024-10-31,-2.8,1,100.0,752530,2300.0,-2.802802802802802,2302.802802802803,351.70062959999996,1948.2993704,30.56356557213666,25.889989374509987,revert,9,train,0
M_PETAL,2024-10-31,2024-11-01,2024-11-07,2024-12-05,2024-11-29,-2.01,1,100.0,788290,-10130.0,17.217217217217573,-10147.217217217218,364.1063768,-10494.1063768,-128.50600667267122,-133.1249461086656,stop,4,train,0
M_PETAL,2024-11-07,2024-11-08,2024-11-12,2024-12-05,2024-11-29,-3.29,1,100.0,772480,-5800.0,70.07007007007077,-5870.070070070071,360.66625760000005,-6160.6662576,-75.082850041425,-79.7517897887324,stop,2,train,0
M_PETAL,2024-11-12,2024-11-13,2024-11-25,2024-12-05,2024-11-29,-2.86,1,100.0,745140,5730.0,-11.611611611611972,5741.611611611612,352.7338688,5377.2661312,76.89830099041792,72.16450775961565,revert,8,train,0
M_PETAL,2025-01-02,2025-01-03,2025-01-20,2025-02-05,2025-01-31,2.26,-1,100.0,773430,-2070.0,39.23923923923959,-2109.2392392392394,360.10751760000005,-2430.1075176,-26.763895892323802,-31.419876622318764,time,11,train,0
M_PETAL,2025-02-12,2025-02-13,2025-02-14,2025-03-05,2025-02-28,-3.8,1,100.0,853680,-7470.0,11.611611611612336,-7481.611611611613,388.5860656,-7858.5860656,-87.50351419735733,-92.05540794677164,stop,1,train,0
M_PETAL,2025-02-14,2025-02-17,2025-02-18,2025-03-05,2025-02-28,-6.72,1,100.0,847590,2630.0,-28.82882882882882,2658.8288288288286,387.52188079999996,2242.4781192,31.029153246262936,26.45710920610201,stop,1,train,0
M_PETAL,2025-02-18,2025-02-19,2025-02-20,2025-03-05,2025-02-28,-2.43,1,100.0,857190,-190.0,-5.205205205205203,-184.7947947947948,391.7511128,-581.7511128,-2.216544756705048,-6.786723046232457,stop,1,train,0
M_PETAL,2025-02-25,2025-02-26,2025-03-13,2025-04-04,2025-03-31,-2.21,1,100.0,858500,340.0,-72.47247247247317,412.47247247247316,392.09667199999996,-52.096671999999955,3.9603960396039612,-0.6068336866627835,revert,11,train,0
M_PETAL,2025-03-31,2025-04-01,2025-04-09,2025-05-05,2025-04-30,2.34,-1,100.0,904090,-1700.0,-43.64364364364435,-1656.3563563563557,407.17233680000004,-2107.1723368000003,-18.80343771084737,-23.307108106493825,revert,6,train,0
M_PETAL,2025-04-09,2025-04-10,2025-04-11,2025-05-05,2025-04-30,2.16,-1,100.0,916460,5060.0,85.68568568568638,4974.314314314313,409.7803632000001,4650.2196367999995,55.21244789734412,50.74110857866136,stop,1,train,0
M_PETAL,2025-04-11,2025-04-14,2025-04-22,2025-05-05,2025-04-30,2.19,-1,100.0,928350,6680.0,195.79579579579863,6484.204204204201,414.781516,6265.218484,71.95562018635212,67.48767688910432,roll,5,train,0
M_PETAL,2025-06-27,2025-06-30,2025-07-15,2025-08-05,2025-07-31,-2.22,1,100.0,960900,2640.0,-34.43443443443515,2674.434434434435,426.944856,2213.055144,27.474242897283794,23.031066125507333,revert,11,train,0
M_PETAL,2025-07-21,2025-07-22,2025-07-23,2025-08-05,2025-07-31,3.09,-1,100.0,1001680,4240.0,-17.61761761761761,4257.617617617618,438.7179376,3801.2820624,42.328887469052,37.94906619279611,stop,1,train,0
M_PETAL,2025-10-09,2025-10-10,2025-10-23,2025-11-05,2025-10-31,-3.09,1,100.0,1207270,480.0,-101.30130130130273,581.3013013013027,511.59310640000007,-31.593106400000067,3.975912596188093,-0.26169047851764776,revert,9,test,0
M_PETAL,2025-11-17,2025-11-18,2025-11-24,2025-12-05,2025-11-28,-2.2,1,100.0,1225910,7130.0,-12.412412412412408,7142.412412412413,519.1300792000001,6610.8699208,58.160876410176925,53.92622558589129,roll,4,test,0
M_PETAL,2025-12-30,2025-12-31,2026-01-01,2026-02-05,2026-01-30,-4.27,1,100.0,1354540,2070.0,-4.404404404404403,2074.4044044044044,566.8086528000001,1503.1913471999999,15.281940732647247,11.097430472337471,stop,1,test,0
M_PETAL,2026-01-01,2026-01-02,2026-01-12,2026-02-05,2026-01-30,-3.11,1,100.0,1357930,22150.0,-149.74974974975189,22299.749749749753,568.4573656,21581.5426344,163.1159190827215,158.92971386153928,revert,6,test,0
M_PETAL,2026-01-29,2026-01-30,2026-02-01,2026-03-05,2026-02-27,-2.12,1,100.0,1531130,63390.0,594.1941941942027,62795.805805805794,641.2482935999999,62748.7517064,414.00795490911946,409.81988274281093,stop,1,test,0
M_PETAL,2026-03-27,2026-03-30,2026-04-15,2026-05-05,2026-04-30,3.1,-1,100.0,1462410,2020.0,255.455455455459,1764.544544544541,599.2791832,1420.7208168,13.81281583140159,9.714928213018236,time,11,test,0
M_PETAL,2026-05-20,2026-05-21,2026-05-26,2026-06-05,2026-05-29,2.51,-1,100.0,1590050,-14780.0,-133.73373373373587,-14646.266266266264,642.816204,-15422.816204,-92.95305179082419,-96.99579386811735,expiry,3,test,0
M_PETAL,2026-07-22,2026-07-23,2026-07-28,2026-08-05,2026-07-31,2.04,-1,100.0,1426180,-7700.0,-77.6776776776791,-7622.322322322321,586.2081056,-8286.2081056,-53.99037989594582,-58.100717340027224,expiry,3,test,0
M_PETAL,2023-12-27,2023-12-28,2024-01-04,2024-02-05,2024-01-31,2.02,-1,200.0,1267260,2740.0,-44.844844844845554,2784.8448448448457,1532.6987312,1207.3012688,21.621451004529455,9.526863223016585,revert,5,train,2
M_PETAL,2024-03-08,2024-03-11,2024-03-15,2024-04-05,2024-03-28,2.01,-1,200.0,1317440,6500.0,-14.41441441441441,6514.414414414415,1584.5032447999997,4915.4967552,49.33811027447171,37.31097245567161,revert,4,train,2
M_PETAL,2024-04-01,2024-04-02,2024-04-17,2024-05-03,2024-04-30,2.04,-1,100.0,685660,14710.0,224.2242242242274,14485.775775775772,869.0999552000001,13840.9000448,214.53781757722487,201.86243976314793,revert,11,train,2
M_PETAL,2024-04-17,2024-04-18,2024-04-25,2024-05-03,2024-04-30,-3.13,1,100.0,730160,8690.0,86.48648648648755,8603.513513513513,927.7217552,7762.2782448,119.01501040867754,106.3092780322121,expiry,5,train,2
M_PETAL,2024-06-07,2024-06-10,2024-06-25,2024-07-05,2024-06-28,-2.2,1,100.0,713030,-3320.0,-9.209209209209206,-3310.7907907907907,908.2593176,-4228.2593176,-46.56185574239513,-59.29987963479798,expiry,11,train,2
M_PETAL,2024-08-16,2024-08-19,2024-08-26,2024-09-05,2024-08-30,2.52,-1,100.0,711380,-3520.0,0.40040040040040026,-3520.4004004004005,900.5098016000001,-4420.5098016,-49.481289887261376,-62.13992242683235,roll,5,train,2
M_PETAL,2024-09-27,2024-09-30,2024-10-14,2024-10-31,2024-10-31,-2.8,1,100.0,752530,2300.0,-2.802802802802802,2302.802802802803,950.3526295999999,1349.6473704,30.56356557213666,17.93479821934009,revert,9,train,2
M_PETAL,2024-10-31,2024-11-01,2024-11-07,2024-12-05,2024-11-29,-2.01,1,100.0,788290,-10130.0,17.217217217217573,-10147.217217217218,991.6223768,-11121.6223768,-128.50600667267122,-141.08541750878484,stop,4,train,2
M_PETAL,2024-11-07,2024-11-08,2024-11-12,2024-12-05,2024-11-29,-3.29,1,100.0,772480,-5800.0,70.07007007007077,-5870.070070070071,980.1782576,-6780.1782576000005,-75.082850041425,-87.7715702361226,stop,2,train,2
M_PETAL,2024-11-12,2024-11-13,2024-11-25,2024-12-05,2024-11-29,-2.86,1,100.0,745140,5730.0,-11.611611611611972,5741.611611611612,953.7898687999999,4776.2101312,76.89830099041792,64.09815781195482,revert,8,train,2
M_PETAL,2025-01-02,2025-01-03,2025-01-20,2025-02-05,2025-01-31,2.26,-1,100.0,773430,-2070.0,39.23923923923959,-2109.2392392392394,978.3195176,-3048.3195176,-26.763895892323802,-39.41299817178025,time,11,train,2
M_PETAL,2025-02-12,2025-02-13,2025-02-14,2025-03-05,2025-02-28,-3.8,1,100.0,853680,-7470.0,11.611611611612336,-7481.611611611613,1073.0580656,-8543.0580656,-87.50351419735733,-100.07330692531161,stop,1,train,2
M_PETAL,2025-02-14,2025-02-17,2025-02-18,2025-03-05,2025-02-28,-6.72,1,100.0,847590,2630.0,-28.82882882882882,2658.8288288288286,1069.5178808,1560.4821192,31.029153246262936,18.4108132375323,stop,1,train,2
M_PETAL,2025-02-18,2025-02-19,2025-02-20,2025-03-05,2025-02-28,-2.43,1,100.0,857190,-190.0,-5.205205205205203,-184.7947947947948,1083.5871127999999,-1273.5871127999999,-2.216544756705048,-14.857699142547158,stop,1,train,2
M_PETAL,2025-02-25,2025-02-26,2025-03-13,2025-04-04,2025-03-31,-2.21,1,100.0,858500,340.0,-72.47247247247317,412.47247247247316,1084.736672,-744.736672,3.9603960396039612,-8.674859312754807,revert,11,train,2
M_PETAL,2025-03-31,2025-04-01,2025-04-09,2025-05-05,2025-04-30,2.34,-1,100.0,904090,-1700.0,-43.64364364364435,-1656.3563563563557,1134.8883368000002,-2834.8883368,-18.80343771084737,-31.356262504839115,revert,6,train,2
M_PETAL,2025-04-09,2025-04-10,2025-04-11,2025-05-05,2025-04-30,2.16,-1,100.0,916460,5060.0,85.68568568568638,4974.314314314313,1143.5643632000001,3916.4356368,55.21244789734412,42.73438706326517,stop,1,train,2
M_PETAL,2025-04-11,2025-04-14,2025-04-22,2025-05-05,2025-04-30,2.19,-1,100.0,928350,6680.0,195.79579579579863,6484.204204204201,1160.201516,5519.798484,71.95562018635212,59.45816215866859,roll,5,train,2
M_PETAL,2025-06-27,2025-06-30,2025-07-15,2025-08-05,2025-07-31,-2.22,1,100.0,960900,2640.0,-34.43443443443515,2674.434434434435,1200.664856,1439.335144,27.474242897283794,14.979031574565509,revert,11,train,2
M_PETAL,2025-07-21,2025-07-22,2025-07-23,2025-08-05,2025-07-31,3.09,-1,100.0,1001680,4240.0,-17.61761761761761,4257.617617617618,1239.8299376,3000.1700624,42.328887469052,29.951382301733094,stop,1,train,2
M_PETAL,2025-10-09,2025-10-10,2025-10-23,2025-11-05,2025-10-31,-3.09,1,100.0,1207270,480.0,-101.30130130130273,581.3013013013027,1482.2611064000002,-1002.2611064000002,3.975912596188093,-8.301880328344115,revert,9,test,2
M_PETAL,2025-11-17,2025-11-18,2025-11-24,2025-12-05,2025-11-28,-2.2,1,100.0,1225910,7130.0,-12.412412412412408,7142.412412412413,1507.3340792000004,5622.6659208,58.160876410176925,45.86524231632011,roll,4,test,2
M_PETAL,2025-12-30,2025-12-31,2026-01-01,2026-02-05,2026-01-30,-4.27,1,100.0,1354540,2070.0,-4.404404404404403,2074.4044044044044,1665.9446528000003,404.0553471999997,15.281940732647247,2.9829709510239617,stop,1,test,2
M_PETAL,2026-01-01,2026-01-02,2026-01-12,2026-02-05,2026-01-30,-3.11,1,100.0,1357930,22150.0,-149.74974974975189,22299.749749749753,1671.4293656,20478.5706344,163.1159190827215,150.8072627779046,revert,6,test,2
M_PETAL,2026-01-29,2026-01-30,2026-02-01,2026-03-05,2026-02-27,-2.12,1,100.0,1531130,63390.0,594.1941941942027,62795.805805805794,1913.5802936,61476.4197064,414.00795490911946,401.51012459033535,stop,1,test,2
M_PETAL,2026-03-27,2026-03-30,2026-04-15,2026-05-05,2026-04-30,3.1,-1,100.0,1462410,2020.0,255.455455455459,1764.544544544541,1773.9631832,246.0368168,13.81281583140159,1.6824065535656896,time,11,test,2
M_PETAL,2026-05-20,2026-05-21,2026-05-26,2026-06-05,2026-05-29,2.51,-1,100.0,1590050,-14780.0,-133.73373373373587,-14646.266266266264,1918.796204,-16698.796204,-92.95305179082419,-105.02057296311436,expiry,3,test,2
M_PETAL,2026-07-22,2026-07-23,2026-07-28,2026-08-05,2026-07-31,2.04,-1,100.0,1426180,-7700.0,-77.6776776776791,-7622.322322322321,1730.4801056,-9430.4801056,-53.99037989594582,-66.1240524029225,expiry,3,test,2
M_PETAL,2023-12-27,2023-12-28,2024-01-04,2024-02-05,2024-01-31,2.02,-1,200.0,1267260,2740.0,-44.844844844845554,2784.8448448448457,3041.6147312000003,-301.6147312000003,21.621451004529455,-2.380054063096762,revert,5,train,5
M_PETAL,2024-03-08,2024-03-11,2024-03-15,2024-04-05,2024-03-28,2.01,-1,200.0,1317440,6500.0,-14.41441441441441,6514.414414414415,3147.7672447999994,3352.2327552000006,49.33811027447171,25.445050667962118,revert,4,train,5
M_PETAL,2024-04-01,2024-04-02,2024-04-17,2024-05-03,2024-04-30,2.04,-1,100.0,685660,14710.0,224.2242242242274,14485.775775775772,1681.8359552,13028.1640448,214.53781757722487,190.00910137385875,revert,11,train,5
M_PETAL,2024-04-17,2024-04-18,2024-04-25,2024-05-03,2024-04-30,-3.13,1,100.0,730160,8690.0,86.48648648648755,8603.513513513513,1801.9577552,6888.0422448,119.01501040867754,94.33606668127531,expiry,5,train,5
M_PETAL,2024-06-07,2024-06-10,2024-06-25,2024-07-05,2024-06-28,-2.2,1,100.0,713030,-3320.0,-9.209209209209206,-3310.7907907907907,1762.0773176,-5082.0773176,-46.56185574239513,-71.27438281138241,expiry,11,train,5
M_PETAL,2024-08-16,2024-08-19,2024-08-26,2024-09-05,2024-08-30,2.52,-1,100.0,711380,-3520.0,0.40040040040040026,-3520.4004004004005,1746.1978016,-5266.1978016,-49.481289887261376,-74.02791477972393,roll,5,train,5
M_PETAL,2024-09-27,2024-09-30,2024-10-14,2024-10-31,2024-10-31,-2.8,1,100.0,752530,2300.0,-2.802802802802802,2302.802802802803,1848.3306295999996,451.6693704000004,30.56356557213666,6.002011486585258,revert,9,train,5
M_PETAL,2024-10-31,2024-11-01,2024-11-07,2024-12-05,2024-11-29,-2.01,1,100.0,788290,-10130.0,17.217217217217573,-10147.217217217218,1932.8963767999999,-12062.8963768,-128.50600667267122,-153.0261246089637,stop,4,train,5
M_PETAL,2024-11-07,2024-11-08,2024-11-12,2024-12-05,2024-11-29,-3.29,1,100.0,772480,-5800.0,70.07007007007077,-5870.070070070071,1909.4462576,-7709.4462576000005,-75.082850041425,-99.80124090720795,stop,2,train,5
M_PETAL,2024-11-12,2024-11-13,2024-11-25,2024-12-05,2024-11-29,-2.86,1,100.0,745140,5730.0,-11.611611611611972,5741.611611611612,1855.3738687999999,3874.6261312,76.89830099041792,51.99863289046355,revert,8,train,5
M_PETAL,2025-01-02,2025-01-03,2025-01-20,2025-02-05,2025-01-31,2.26,-1,100.0,773430,-2070.0,39.23923923923959,-2109.2392392392394,1905.6375176000001,-3975.6375176,-26.763895892323802,-51.40268049597249,time,11,train,5
M_PETAL,2025-02-12,2025-02-13,2025-02-14,2025-03-05,2025-02-28,-3.8,1,100.0,853680,-7470.0,11.611611611612336,-7481.611611611613,2099.7660656,-9569.7660656,-87.50351419735733,-112.10015539312155,stop,1,train,5
M_PETAL,2025-02-14,2025-02-17,2025-02-18,2025-03-05,2025-02-28,-6.72,1,100.0,847590,2630.0,-28.82882882882882,2658.8288288288286,2092.5118807999997,537.4881192000003,31.029153246262936,6.341369284677737,stop,1,train,5
M_PETAL,2025-02-18,2025-02-19,2025-02-20,2025-03-05,2025-02-28,-2.43,1,100.0,857190,-190.0,-5.205205205205203,-184.7947947947948,2121.3411128,-2311.3411128,-2.216544756705048,-26.96416328701921,stop,1,train,5
M_PETAL,2025-02-25,2025-02-26,2025-03-13,2025-04-04,2025-03-31,-2.21,1,100.0,858500,340.0,-72.47247247247317,412.47247247247316,2123.696672,-1783.696672,3.9603960396039612,-20.77689775189284,revert,11,train,5
M_PETAL,2025-03-31,2025-04-01,2025-04-09,2025-05-05,2025-04-30,2.34,-1,100.0,904090,-1700.0,-43.64364364364435,-1656.3563563563557,2226.4623368000002,-3926.4623368000002,-18.80343771084737,-43.429994102357064,revert,6,train,5
M_PETAL,2025-04-09,2025-04-10,2025-04-11,2025-05-05,2025-04-30,2.16,-1,100.0,916460,5060.0,85.68568568568638,4974.314314314313,2244.2403632000005,2815.7596367999995,55.21244789734412,30.724304790170866,stop,1,train,5
M_PETAL,2025-04-11,2025-04-14,2025-04-22,2025-05-05,2025-04-30,2.19,-1,100.0,928350,6680.0,195.79579579579863,6484.204204204201,2278.331516,4401.668484,71.95562018635212,47.413890063015025,roll,5,train,5
M_PETAL,2025-06-27,2025-06-30,2025-07-15,2025-08-05,2025-07-31,-2.22,1,100.0,960900,2640.0,-34.43443443443515,2674.434434434435,2361.2448560000003,278.75514399999975,27.474242897283794,2.900979748152771,revert,11,train,5
M_PETAL,2025-07-21,2025-07-22,2025-07-23,2025-08-05,2025-07-31,3.09,-1,100.0,1001680,4240.0,-17.61761761761761,4257.617617617618,2441.4979375999997,1798.5020624000003,42.328887469052,17.954856465138572,stop,1,train,5
M_PETAL,2025-10-09,2025-10-10,2025-10-23,2025-11-05,2025-10-31,-3.09,1,100.0,1207270,480.0,-101.30130130130273,581.3013013013027,2938.2631064000007,-2458.2631064000007,3.975912596188093,-20.362165103083818,revert,9,test,5
M_PETAL,2025-11-17,2025-11-18,2025-11-24,2025-12-05,2025-11-28,-2.2,1,100.0,1225910,7130.0,-12.412412412412408,7142.412412412413,2989.6400792000004,4140.3599208,58.160876410176925,33.77376741196335,roll,4,test,5
M_PETAL,2025-12-30,2025-12-31,2026-01-01,2026-02-05,2026-01-30,-4.27,1,100.0,1354540,2070.0,-4.404404404404403,2074.4044044044044,3314.6486528000005,-1244.6486528000005,15.281940732647247,-9.188718330946303,stop,1,test,5
M_PETAL,2026-01-01,2026-01-02,2026-01-12,2026-02-05,2026-01-30,-3.11,1,100.0,1357930,22150.0,-149.74974974975189,22299.749749749753,3325.8873656,18824.1126344,163.1159190827215,138.62358615245262,revert,6,test,5
M_PETAL,2026-01-29,2026-01-30,2026-02-01,2026-03-05,2026-02-27,-2.12,1,100.0,1531130,63390.0,594.1941941942027,62795.805805805794,3822.0782935999996,59567.9217064,414.00795490911946,389.04548736162184,stop,1,test,5
M_PETAL,2026-03-27,2026-03-30,2026-04-15,2026-05-05,2026-04-30,3.1,-1,100.0,1462410,2020.0,255.455455455459,1764.544544544541,3535.9891832000003,-1515.9891832000003,13.81281583140159,-10.366375935613133,time,11,test,5
M_PETAL,2026-05-20,2026-05-21,2026-05-26,2026-06-05,2026-05-29,2.51,-1,100.0,1590050,-14780.0,-133.73373373373587,-14646.266266266264,3832.766204,-18612.766204,-92.95305179082419,-117.05774160560989,expiry,3,test,5
M_PETAL,2026-07-22,2026-07-23,2026-07-28,2026-08-05,2026-07-31,2.04,-1,100.0,1426180,-7700.0,-77.6776776776791,-7622.322322322321,3446.8881056,-11146.8881056,-53.99037989594582,-78.15905499726543,expiry,3,test,5
M_PETAL,2023-12-27,2023-12-28,2024-01-04,2024-02-05,2024-01-31,2.02,-1,200.0,1267260,2740.0,-44.844844844845554,2784.8448448448457,5556.4747312,-2816.4747312,21.621451004529455,-22.224916206619,revert,5,train,10
M_PETAL,2024-03-08,2024-03-11,2024-03-15,2024-04-05,2024-03-28,2.01,-1,200.0,1317440,6500.0,-14.41441441441441,6514.414414414415,5753.207244799999,746.792755200001,49.33811027447171,5.668514355112955,revert,4,train,10
M_PETAL,2024-04-01,2024-04-02,2024-04-17,2024-05-03,2024-04-30,2.04,-1,100.0,685660,14710.0,224.2242242242274,14485.775775775772,3036.3959552,11673.6040448,214.53781757722487,170.25353739171018,revert,11,train,10
M_PETAL,2024-04-17,2024-04-18,2024-04-25,2024-05-03,2024-04-30,-3.13,1,100.0,730160,8690.0,86.48648648648755,8603.513513513513,3259.0177552000005,5430.9822447999995,119.01501040867754,74.38071442971402,expiry,5,train,10
M_PETAL,2024-06-07,2024-06-10,2024-06-25,2024-07-05,2024-06-28,-2.2,1,100.0,713030,-3320.0,-9.209209209209206,-3310.7907907907907,3185.1073176,-6505.1073176,-46.56185574239513,-91.2318881056898,expiry,11,train,10
M_PETAL,2024-08-16,2024-08-19,2024-08-26,2024-09-05,2024-08-30,2.52,-1,100.0,711380,-3520.0,0.40040040040040026,-3520.4004004004005,3155.6778016,-6675.6778016,-49.481289887261376,-93.84123536787652,roll,5,train,10
M_PETAL,2024-09-27,2024-09-30,2024-10-14,2024-10-31,2024-10-31,-2.8,1,100.0,752530,2300.0,-2.802802802802802,2302.802802802803,3344.9606295999993,-1044.9606295999993,30.56356557213666,-13.885966401339472,revert,9,train,10
M_PETAL,2024-10-31,2024-11-01,2024-11-07,2024-12-05,2024-11-29,-2.01,1,100.0,788290,-10130.0,17.217217217217573,-10147.217217217218,3501.6863768000003,-13631.6863768,-128.50600667267122,-172.92730310926183,stop,4,train,10
M_PETAL,2024-11-07,2024-11-08,2024-11-12,2024-12-05,2024-11-29,-3.29,1,100.0,772480,-5800.0,70.07007007007077,-5870.070070070071,3458.2262576000003,-9258.2262576,-75.082850041425,-119.85069202568349,stop,2,train,10
M_PETAL,2024-11-12,2024-11-13,2024-11-25,2024-12-05,2024-11-29,-2.86,1,100.0,745140,5730.0,-11.611611611611972,5741.611611611612,3358.0138687999997,2371.9861312000003,76.89830099041792,31.832758021311438,revert,8,train,10
M_PETAL,2025-01-02,2025-01-03,2025-01-20,2025-02-05,2025-01-31,2.26,-1,100.0,773430,-2070.0,39.23923923923959,-2109.2392392392394,3451.1675176,-5521.1675176,-26.763895892323802,-71.38548436962621,time,11,train,10
M_PETAL,2025-02-12,2025-02-13,2025-02-14,2025-03-05,2025-02-28,-3.8,1,100.0,853680,-7470.0,11.611611611612336,-7481.611611611613,3810.9460655999997,-11280.9460656,-87.50351419735733,-132.14490283947148,stop,1,train,10
M_PETAL,2025-02-14,2025-02-17,2025-02-18,2025-03-05,2025-02-28,-6.72,1,100.0,847590,2630.0,-28.82882882882882,2658.8288288288286,3797.5018808,-1167.5018808,31.029153246262936,-13.774370636746541,stop,1,train,10
M_PETAL,2025-02-18,2025-02-19,2025-02-20,2025-03-05,2025-02-28,-2.43,1,100.0,857190,-190.0,-5.205205205205203,-184.7947947947948,3850.9311128,-4040.9311128,-2.216544756705048,-47.14160352780597,stop,1,train,10
M_PETAL,2025-02-25,2025-02-26,2025-03-13,2025-04-04,2025-03-31,-2.21,1,100.0,858500,340.0,-72.47247247247317,412.47247247247316,3855.2966719999995,-3515.2966719999995,3.9603960396039612,-40.94696181712288,revert,11,train,10
M_PETAL,2025-03-31,2025-04-01,2025-04-09,2025-05-05,2025-04-30,2.34,-1,100.0,904090,-1700.0,-43.64364364364435,-1656.3563563563557,4045.7523368,-5745.7523368,-18.80343771084737,-63.5528800982203,revert,6,train,10
M_PETAL,2025-04-09,2025-04-10,2025-04-11,2025-05-05,2025-04-30,2.16,-1,100.0,916460,5060.0,85.68568568568638,4974.314314314313,4078.7003632000005,981.2996367999995,55.21244789734412,10.707501001680372,stop,1,train,10
M_PETAL,2025-04-11,2025-04-14,2025-04-22,2025-05-05,2025-04-30,2.19,-1,100.0,928350,6680.0,195.79579579579863,6484.204204204201,4141.881516,2538.1184839999996,71.95562018635212,27.34010323692572,roll,5,train,10
M_PETAL,2025-06-27,2025-06-30,2025-07-15,2025-08-05,2025-07-31,-2.22,1,100.0,960900,2640.0,-34.43443443443515,2674.434434434435,4295.544856,-1655.5448560000004,27.474242897283794,-17.229106629201794,revert,11,train,10
M_PETAL,2025-07-21,2025-07-22,2025-07-23,2025-08-05,2025-07-31,3.09,-1,100.0,1001680,4240.0,-17.61761761761761,4257.617617617618,4444.2779376,-204.27793759999986,42.328887469052,-2.039353262518967,stop,1,train,10
M_PETAL,2025-10-09,2025-10-10,2025-10-23,2025-11-05,2025-10-31,-3.09,1,100.0,1207270,480.0,-101.30130130130273,581.3013013013027,5364.933106400001,-4884.933106400001,3.975912596188093,-40.462639727649986,revert,9,test,10
M_PETAL,2025-11-17,2025-11-18,2025-11-24,2025-12-05,2025-11-28,-2.2,1,100.0,1225910,7130.0,-12.412412412412408,7142.412412412413,5460.150079200001,1669.8499207999994,58.160876410176925,13.62130923803541,roll,4,test,10
M_PETAL,2025-12-30,2025-12-31,2026-01-01,2026-02-05,2026-01-30,-4.27,1,100.0,1354540,2070.0,-4.404404404404403,2074.4044044044044,6062.488652800001,-3992.4886528000006,15.281940732647247,-29.474867134230074,stop,1,test,10
M_PETAL,2026-01-01,2026-01-02,2026-01-12,2026-02-05,2026-01-30,-3.11,1,100.0,1357930,22150.0,-149.74974974975189,22299.749749749753,6083.3173656,16066.6826344,163.1159190827215,118.31745844336601,revert,6,test,10
M_PETAL,2026-01-29,2026-01-30,2026-02-01,2026-03-05,2026-02-27,-2.12,1,100.0,1531130,63390.0,594.1941941942027,62795.805805805794,7002.9082935999995,56387.0917064,414.00795490911946,368.2710919804328,stop,1,test,10
M_PETAL,2026-03-27,2026-03-30,2026-04-15,2026-05-05,2026-04-30,3.1,-1,100.0,1462410,2020.0,255.455455455459,1764.544544544541,6472.6991832,-4452.6991832,13.81281583140159,-30.447680084244503,time,11,test,10
M_PETAL,2026-05-20,2026-05-21,2026-05-26,2026-06-05,2026-05-29,2.51,-1,100.0,1590050,-14780.0,-133.73373373373587,-14646.266266266264,7022.716204,-21802.716204,-92.95305179082419,-137.1196893431024,expiry,3,test,10
M_PETAL,2026-07-22,2026-07-23,2026-07-28,2026-08-05,2026-07-31,2.04,-1,100.0,1426180,-7700.0,-77.6776776776791,-7622.322322322321,6307.568105599999,-14007.5681056,-53.99037989594582,-98.21739265450364,expiry,3,test,10
M_GUINEA,2023-12-11,2023-12-12,2023-12-15,2024-02-05,2024-01-31,-2.77,1,200.0,1224620,4525.0,-60.76076076076147,4585.7607607607615,518.7707664,4006.2292336,36.950237624732566,32.71406014600448,revert,3,train,0
M_GUINEA,2024-01-23,2024-01-24,2024-01-30,2024-02-05,2024-02-29,2.92,-1,200.0,1241440,-2705.0,13.113113113113837,-2718.1131131131137,523.3343828,-3228.3343827999997,-21.78921252738755,-26.004755628947027,roll,3,train,0
M_GUINEA,2024-03-04,2024-03-05,2024-03-12,2024-04-05,2024-03-28,2.54,-1,200.0,1294300,-905.0,45.945945945946654,-950.9459459459466,538.70575,-1443.70575,-6.992196554121919,-11.154336320791161,roll,5,train,0
M_GUINEA,2024-05-21,2024-05-22,2024-05-23,2024-06-05,2024-05-31,-4.12,1,200.0,1460540,5125.0,132.23223223223366,4992.767767767767,601.3860628,4523.6139372,35.089761321155194,30.97220163227299,roll,1,train,0
M_GUINEA,2024-06-10,2024-06-11,2024-06-17,2024-07-05,2024-06-28,-2.58,1,200.0,1426920,9630.0,43.44344344344415,9586.556556556556,590.6677104,9039.332289599999,67.48801614666554,63.34855695904464,revert,4,train,0
M_GUINEA,2024-07-23,2024-07-24,2024-07-26,2024-08-05,2024-08-30,-4.05,1,200.0,1380560,5800.0,91.69169169169311,5708.308308308307,574.6387492000001,5225.3612508,42.011937184910465,37.84957735121979,revert,2,train,0
M_GUINEA,2024-08-23,2024-08-26,2024-09-02,2024-09-05,2024-09-30,4.99,-1,200.0,1430000,2140.0,-12.812812812812808,2152.812812812813,589.727308,1550.272692,14.965034965034965,10.841067776223776,expiry,5,train,0
M_GUINEA,2024-11-06,2024-11-07,2024-11-19,2024-12-05,2024-11-29,-5.49,1,200.0,1547720,605.0,149.04904904905118,455.9509509509488,630.2093104,-25.20931040000005,3.9089757837334913,-0.16288030393094385,revert,8,train,0
M_GUINEA,2025-01-21,2025-01-22,2025-01-31,2025-02-05,2025-02-28,2.87,-1,200.0,1590700,-6920.0,156.5565565565587,-7076.5565565565585,643.74887,-7563.74887,-43.50286037593513,-47.5498137298045,roll,7,train,0
M_GUINEA,2025-02-11,2025-02-12,2025-02-19,2025-03-05,2025-02-28,-2.68,1,200.0,1700480,-2800.0,-66.86686686686829,-2733.1331331331317,682.9990656,-3482.9990656,-16.465939028980053,-20.482446518630034,roll,5,train,0
M_GUINEA,2025-03-13,2025-03-14,2025-03-18,2025-04-04,2025-03-31,2.83,-1,200.0,1758480,10005.0,98.99899899900042,9906.001001001,702.6925016,9302.3074984,56.89572812883855,52.899705986988764,revert,2,train,0
M_GUINEA,2025-03-28,2025-03-31,2025-04-15,2025-05-05,2025-04-30,2.61,-1,200.0,1804320,6075.0,252.95295295295577,5822.0470470470445,715.9372184000001,5359.0627816,33.66919393455706,29.70128791788596,time,11,train,0
M_GUINEA,2025-07-22,2025-07-23,2025-07-25,2025-08-05,2025-08-29,3.29,-1,200.0,1986080,7865.0,-85.58558558558701,7950.585585585587,780.0693955999999,7084.9306044,39.600620317409174,35.67293666116169,revert,2,train,0
M_GUINEA,2025-09-23,2025-09-24,2025-09-25,2025-11-05,2025-10-31,-2.54,1,200.0,2263000,640.0,-16.016016016017467,656.0160160160175,875.651758,-235.65175799999997,2.828104286345559,-1.041324604507291,stop,1,train,0
M_GUINEA,2025-09-25,2025-09-26,2025-10-01,2025-11-05,2025-10-31,-2.84,1,200.0,2286340,-7380.0,-241.84184184184613,-7138.158158158154,883.3176708000001,-8263.3176708,-32.278663715807795,-36.142120904152485,roll,3,train,0
M_GUINEA,2025-10-08,2025-10-09,2025-10-14,2025-11-05,2025-10-31,-3.0,1,200.0,2397380,8255.0,-438.1381381381453,8693.138138138145,924.4993876000001,7330.5006124,34.433423153609354,30.577132588075315,revert,3,test,0
M_GUINEA,2026-01-21,2026-01-22,2026-02-02,2026-02-05,2026-02-27,-2.73,1,200.0,3130660,87760.0,1587.1871871872113,86172.81281281279,1209.2556412000001,86550.7443588,280.3242766700951,276.46165459934963,expiry,7,test,0
M_GUINEA,2026-03-25,2026-03-26,2026-04-13,2026-05-05,2026-04-30,3.24,-1,200.0,2824800,-8690.0,720.5205205205319,-9410.520520520531,1070.94858,-9760.94858,-30.76323987538941,-34.55447670631549,time,11,test,0
M_GUINEA,2026-05-26,2026-05-27,2026-05-28,2026-06-05,2026-06-30,3.97,-1,200.0,3105220,-1575.0,79.77977977977976,-1654.7797797797798,1171.8518664000003,-2746.8518664000003,-5.072104391959346,-8.845917089288362,revert,1,test,0
M_GUINEA,2026-07-22,2026-07-23,2026-07-24,2026-08-05,2026-07-31,3.36,-1,200.0,2852360,-3680.0,15.61561561561561,-3695.6156156156158,1078.1365551999997,-4758.1365552,-12.901597273836405,-16.6814026111711,roll,1,test,0
M_GUINEA,2026-07-28,2026-07-29,2026-08-04,2026-09-04,2026-08-31,2.84,-1,200.0,2854580,3795.0,71.97197197197195,3723.028028028028,1077.9207956,2717.0792044,13.294425099314084,9.518315144084244,revert,4,test,0
M_GUINEA,2026-09-18,2026-09-21,2026-09-22,2026-10-05,2026-09-30,2.86,-1,200.0,3063520,-1795.0,-45.54554554554553,-1749.4544544544544,1150.0395164,-2945.0395164,-5.859272993158197,-9.613253761685904,revert,1,test,0
M_GUINEA,2023-12-11,2023-12-12,2023-12-15,2024-02-05,2024-01-31,-2.77,1,200.0,1224620,4525.0,-60.76076076076147,4585.7607607607615,1506.1387664000003,3018.8612335999997,36.950237624732566,24.651412140909013,revert,3,train,2
M_GUINEA,2024-01-23,2024-01-24,2024-01-30,2024-02-05,2024-02-29,2.92,-1,200.0,1241440,-2705.0,13.113113113113837,-2718.1131131131137,1521.3203828,-4226.3203828000005,-21.78921252738755,-34.04369428083516,roll,3,train,2
M_GUINEA,2024-03-04,2024-03-05,2024-03-12,2024-04-05,2024-03-28,2.54,-1,200.0,1294300,-905.0,45.945945945946654,-950.9459459459466,1572.45575,-2477.45575,-6.992196554121919,-19.141279069767442,roll,5,train,2
M_GUINEA,2024-05-21,2024-05-22,2024-05-23,2024-06-05,2024-05-31,-4.12,1,200.0,1460540,5125.0,132.23223223223366,4992.767767767767,1780.9720628,3344.0279372,35.089761321155194,22.895832618072767,roll,1,train,2
M_GUINEA,2024-06-10,2024-06-11,2024-06-17,2024-07-05,2024-06-28,-2.58,1,200.0,1426920,9630.0,43.44344344344415,9586.556556556556,1745.3157104000002,7884.6842896,67.48801614666554,55.256666733944435,revert,4,train,2
M_GUINEA,2024-07-23,2024-07-24,2024-07-26,2024-08-05,2024-08-30,-4.05,1,200.0,1380560,5800.0,91.69169169169311,5708.308308308307,1691.9927492000002,4108.007250799999,42.011937184910465,29.756093547545916,revert,2,train,2
M_GUINEA,2024-08-23,2024-08-26,2024-09-02,2024-09-05,2024-09-30,4.99,-1,200.0,1430000,2140.0,-12.812812812812808,2152.812812812813,1742.187308,397.81269199999997,14.965034965034965,2.781906937062937,expiry,5,train,2
M_GUINEA,2024-11-06,2024-11-07,2024-11-19,2024-12-05,2024-11-29,-5.49,1,200.0,1547720,605.0,149.04904904905118,455.9509509509488,1876.8573104000002,-1271.8573104000002,3.9089757837334913,-8.217618887137208,revert,8,train,2
M_GUINEA,2025-01-21,2025-01-22,2025-01-31,2025-02-05,2025-02-28,2.87,-1,200.0,1590700,-6920.0,156.5565565565587,-7076.5565565565585,1921.8988699999998,-8841.898869999999,-43.50286037593513,-55.584955491293144,roll,7,train,2
M_GUINEA,2025-02-11,2025-02-12,2025-02-19,2025-03-05,2025-02-28,-2.68,1,200.0,1700480,-2800.0,-66.86686686686829,-2733.1331331331317,2052.4710655999997,-4852.4710656,-16.465939028980053,-28.535890252164094,roll,5,train,2
M_GUINEA,2025-03-13,2025-03-14,2025-03-18,2025-04-04,2025-03-31,2.83,-1,200.0,1758480,10005.0,98.99899899900042,9906.001001001,2117.9845016,7887.0154984,56.89572812883855,44.85132329284383,revert,2,train,2
M_GUINEA,2025-03-28,2025-03-31,2025-04-15,2025-05-05,2025-04-30,2.61,-1,200.0,1804320,6075.0,252.95295295295577,5822.0470470470445,2162.0452183999996,3912.9547816000004,33.66919393455706,21.686589859891814,time,11,train,2
M_GUINEA,2025-07-22,2025-07-23,2025-07-25,2025-08-05,2025-08-29,3.29,-1,200.0,1986080,7865.0,-85.58558558558701,7950.585585585587,2375.3913955999997,5489.6086044,39.600620317409174,27.640420347619436,revert,2,train,2
M_GUINEA,2025-09-23,2025-09-24,2025-09-25,2025-11-05,2025-10-31,-2.54,1,200.0,2263000,640.0,-16.016016016017467,656.0160160160175,2693.361758,-2053.361758,2.828104286345559,-9.073626858152894,stop,1,train,2
M_GUINEA,2025-09-25,2025-09-26,2025-10-01,2025-11-05,2025-10-31,-2.84,1,200.0,2286340,-7380.0,-241.84184184184613,-7138.158158158154,2718.8636708000004,-10098.863670800001,-32.278663715807795,-44.17043690264791,roll,3,train,2
M_GUINEA,2025-10-08,2025-10-09,2025-10-14,2025-11-05,2025-10-31,-3.0,1,200.0,2397380,8255.0,-438.1381381381453,8693.138138138145,2855.8613876,5399.1386124,34.433423153609354,22.520996305967344,revert,3,test,2
M_GUINEA,2026-01-21,2026-01-22,2026-02-02,2026-02-05,2026-02-27,-2.73,1,200.0,3130660,87760.0,1587.1871871872113,86172.81281281279,3803.1496412,83956.8503588,280.3242766700951,268.1762004139702,expiry,7,test,2
M_GUINEA,2026-03-25,2026-03-26,2026-04-13,2026-05-05,2026-04-30,3.24,-1,200.0,2824800,-8690.0,720.5205205205319,-9410.520520520531,3343.04858,-12033.04858,-30.76323987538941,-42.59787800906259,time,11,test,2
M_GUINEA,2026-05-26,2026-05-27,2026-05-28,2026-06-05,2026-06-30,3.97,-1,200.0,3105220,-1575.0,79.77977977977976,-1654.7797797797798,3678.7198664,-5253.7198664,-5.072104391959346,-16.918994037137463,revert,1,test,2
M_GUINEA,2026-07-22,2026-07-23,2026-07-24,2026-08-05,2026-07-31,3.36,-1,200.0,2852360,-3680.0,15.61561561561561,-3695.6156156156158,3366.9605551999994,-7046.960555199999,-12.901597273836405,-24.705719317337223,roll,1,test,2
M_GUINEA,2026-07-28,2026-07-29,2026-08-04,2026-09-04,2026-08-31,2.84,-1,200.0,2854580,3795.0,71.97197197197195,3723.028028028028,3366.2427956,428.75720439999986,13.294425099314084,1.5019975071639255,revert,4,test,2
M_GUINEA,2026-09-18,2026-09-21,2026-09-22,2026-10-05,2026-09-30,2.86,-1,200.0,3063520,-1795.0,-45.54554554554553,-1749.4544544544544,3606.1575164000005,-5401.1575164000005,-5.859272993158197,-17.630560650493553,revert,1,test,2
M_GUINEA,2023-12-11,2023-12-12,2023-12-15,2024-02-05,2024-01-31,-2.77,1,200.0,1224620,4525.0,-60.76076076076147,4585.7607607607615,2987.1907664,1537.8092336,36.950237624732566,12.55744013326583,revert,3,train,5
M_GUINEA,2024-01-23,2024-01-24,2024-01-30,2024-02-05,2024-02-29,2.92,-1,200.0,1241440,-2705.0,13.113113113113837,-2718.1131131131137,3018.2993828,-5723.2993828,-21.78921252738755,-46.10210225866735,roll,3,train,5
M_GUINEA,2024-03-04,2024-03-05,2024-03-12,2024-04-05,2024-03-28,2.54,-1,200.0,1294300,-905.0,45.945945945946654,-950.9459459459466,3123.08075,-4028.08075,-6.992196554121919,-31.121693193231867,roll,5,train,5
M_GUINEA,2024-05-21,2024-05-22,2024-05-23,2024-06-05,2024-05-31,-4.12,1,200.0,1460540,5125.0,132.23223223223366,4992.767767767767,3550.3510628,1574.6489372,35.089761321155194,10.781279096772428,roll,1,train,5
M_GUINEA,2024-06-10,2024-06-11,2024-06-17,2024-07-05,2024-06-28,-2.58,1,200.0,1426920,9630.0,43.44344344344415,9586.556556556556,3477.2877104,6152.7122896,67.48801614666554,43.11883139629412,revert,4,train,5
M_GUINEA,2024-07-23,2024-07-24,2024-07-26,2024-08-05,2024-08-30,-4.05,1,200.0,1380560,5800.0,91.69169169169311,5708.308308308307,3368.0237491999997,2431.9762508000003,42.011937184910465,17.61586784203512,revert,2,train,5
M_GUINEA,2024-08-23,2024-08-26,2024-09-02,2024-09-05,2024-09-30,4.99,-1,200.0,1430000,2140.0,-12.812812812812808,2152.812812812813,3470.8773079999996,-1330.8773079999996,14.965034965034965,-9.306834321678318,expiry,5,train,5
M_GUINEA,2024-11-06,2024-11-07,2024-11-19,2024-12-05,2024-11-29,-5.49,1,200.0,1547720,605.0,149.04904904905118,455.9509509509488,3746.8293104000004,-3141.8293104000004,3.9089757837334913,-20.2997267619466,revert,8,train,5
M_GUINEA,2025-01-21,2025-01-22,2025-01-31,2025-02-05,2025-02-28,2.87,-1,200.0,1590700,-6920.0,156.5565565565587,-7076.5565565565585,3839.1238699999994,-10759.12387,-43.50286037593513,-67.63766813352613,roll,7,train,5
M_GUINEA,2025-02-11,2025-02-12,2025-02-19,2025-03-05,2025-02-28,-2.68,1,200.0,1700480,-2800.0,-66.86686686686829,-2733.1331331331317,4106.6790656,-6906.6790656,-16.465939028980053,-40.61605585246519,roll,5,train,5
M_GUINEA,2025-03-13,2025-03-14,2025-03-18,2025-04-04,2025-03-31,2.83,-1,200.0,1758480,10005.0,98.99899899900042,9906.001001001,4240.922501599998,5764.077498400002,56.89572812883855,32.77874925162642,revert,2,train,5
M_GUINEA,2025-03-28,2025-03-31,2025-04-15,2025-05-05,2025-04-30,2.61,-1,200.0,1804320,6075.0,252.95295295295577,5822.0470470470445,4331.207218400001,1743.7927815999992,33.66919393455706,9.664542772900589,time,11,train,5
M_GUINEA,2025-07-22,2025-07-23,2025-07-25,2025-08-05,2025-08-29,3.29,-1,200.0,1986080,7865.0,-85.58558558558701,7950.585585585587,4768.3743956,3096.6256044,39.600620317409174,15.591645877306053,revert,2,train,5
M_GUINEA,2025-09-23,2025-09-24,2025-09-25,2025-11-05,2025-10-31,-2.54,1,200.0,2263000,640.0,-16.016016016017467,656.0160160160175,5419.926758,-4779.926758,2.828104286345559,-21.122080238621297,stop,1,train,5
M_GUINEA,2025-09-25,2025-09-26,2025-10-01,2025-11-05,2025-10-31,-2.84,1,200.0,2286340,-7380.0,-241.84184184184613,-7138.158158158154,5472.182670800001,-12852.1826708,-32.278663715807795,-56.21291090039102,roll,3,train,5
M_GUINEA,2025-10-08,2025-10-09,2025-10-14,2025-11-05,2025-10-31,-3.0,1,200.0,2397380,8255.0,-438.1381381381453,8693.138138138145,5752.9043876,2502.0956124000004,34.433423153609354,10.436791882805396,revert,3,test,5
M_GUINEA,2026-01-21,2026-01-22,2026-02-02,2026-02-05,2026-02-27,-2.73,1,200.0,3130660,87760.0,1587.1871871872113,86172.81281281279,7693.9906412,80066.0093588,280.3242766700951,255.74801913590107,expiry,7,test,5
M_GUINEA,2026-03-25,2026-03-26,2026-04-13,2026-05-05,2026-04-30,3.24,-1,200.0,2824800,-8690.0,720.5205205205319,-9410.520520520531,6751.19858,-15441.19858,-30.76323987538941,-54.66297996318323,time,11,test,5
M_GUINEA,2026-05-26,2026-05-27,2026-05-28,2026-06-05,2026-06-30,3.97,-1,200.0,3105220,-1575.0,79.77977977977976,-1654.7797797797798,7439.0218664,-9014.0218664,-5.072104391959346,-29.028609458911127,revert,1,test,5
M_GUINEA,2026-07-22,2026-07-23,2026-07-24,2026-08-05,2026-07-31,3.36,-1,200.0,2852360,-3680.0,15.61561561561561,-3695.6156156156158,6800.196555199999,-10480.1965552,-12.901597273836405,-36.74219437658641,roll,1,test,5
M_GUINEA,2026-07-28,2026-07-29,2026-08-04,2026-09-04,2026-08-31,2.84,-1,200.0,2854580,3795.0,71.97197197197195,3723.028028028028,6798.7257956,-3003.7257956000003,13.294425099314084,-10.522478948216552,revert,4,test,5
M_GUINEA,2026-09-18,2026-09-21,2026-09-22,2026-10-05,2026-09-30,2.86,-1,200.0,3063520,-1795.0,-45.54554554554553,-1749.4544544544544,7290.3345164,-9085.3345164,-5.859272993158197,-29.65652098370502,revert,1,test,5
M_GUINEA,2023-12-11,2023-12-12,2023-12-15,2024-02-05,2024-01-31,-2.77,1,200.0,1224620,4525.0,-60.76076076076147,4585.7607607607615,5455.610766400001,-930.610766400001,36.950237624732566,-7.599179879472824,revert,3,train,10
M_GUINEA,2024-01-23,2024-01-24,2024-01-30,2024-02-05,2024-02-29,2.92,-1,200.0,1241440,-2705.0,13.113113113113837,-2718.1131131131137,5513.2643828,-8218.2643828,-21.78921252738755,-66.19944888838768,roll,3,train,10
M_GUINEA,2024-03-04,2024-03-05,2024-03-12,2024-04-05,2024-03-28,2.54,-1,200.0,1294300,-905.0,45.945945945946654,-950.9459459459466,5707.45575,-6612.45575,-6.992196554121919,-51.089050065672566,roll,5,train,10
M_GUINEA,2024-05-21,2024-05-22,2024-05-23,2024-06-05,2024-05-31,-4.12,1,200.0,1460540,5125.0,132.23223223223366,4992.767767767767,6499.3160628000005,-1374.3160628000005,35.089761321155194,-9.409643438728144,roll,1,train,10
M_GUINEA,2024-06-10,2024-06-11,2024-06-17,2024-07-05,2024-06-28,-2.58,1,200.0,1426920,9630.0,43.44344344344415,9586.556556556556,6363.9077104,3266.0922896,67.48801614666554,22.889105833543578,revert,4,train,10
M_GUINEA,2024-07-23,2024-07-24,2024-07-26,2024-08-05,2024-08-30,-4.05,1,200.0,1380560,5800.0,91.69169169169311,5708.308308308307,6161.408749200001,-361.4087492000008,42.011937184910465,-2.6178416671495683,revert,2,train,10
M_GUINEA,2024-08-23,2024-08-26,2024-09-02,2024-09-05,2024-09-30,4.99,-1,200.0,1430000,2140.0,-12.812812812812808,2152.812812812813,6352.027308,-4212.027308,14.965034965034965,-29.45473641958042,expiry,5,train,10
M_GUINEA,2024-11-06,2024-11-07,2024-11-19,2024-12-05,2024-11-29,-5.49,1,200.0,1547720,605.0,149.04904904905118,455.9509509509488,6863.449310400001,-6258.449310400001,3.9089757837334913,-40.43657321996226,revert,8,train,10
M_GUINEA,2025-01-21,2025-01-22,2025-01-31,2025-02-05,2025-02-28,2.87,-1,200.0,1590700,-6920.0,156.5565565565587,-7076.5565565565585,7034.498869999999,-13954.49887,-43.50286037593513,-87.72552253724777,roll,7,train,10
M_GUINEA,2025-02-11,2025-02-12,2025-02-19,2025-03-05,2025-02-28,-2.68,1,200.0,1700480,-2800.0,-66.86686686686829,-2733.1331331331317,7530.359065600001,-10330.359065600001,-16.465939028980053,-60.74966518630035,roll,5,train,10
M_GUINEA,2025-03-13,2025-03-14,2025-03-18,2025-04-04,2025-03-31,2.83,-1,200.0,1758480,10005.0,98.99899899900042,9906.001001001,7779.152501599998,2225.847498400002,56.89572812883855,12.65779251626406,revert,2,train,10
M_GUINEA,2025-03-28,2025-03-31,2025-04-15,2025-05-05,2025-04-30,2.61,-1,200.0,1804320,6075.0,252.95295295295577,5822.0470470470445,7946.477218400001,-1871.4772184000012,33.66919393455706,-10.37220237208478,time,11,train,10
M_GUINEA,2025-07-22,2025-07-23,2025-07-25,2025-08-05,2025-08-29,3.29,-1,200.0,1986080,7865.0,-85.58558558558701,7950.585585585587,8756.679395599998,-891.6793955999983,39.600620317409174,-4.489644906549577,revert,2,train,10
M_GUINEA,2025-09-23,2025-09-24,2025-09-25,2025-11-05,2025-10-31,-2.54,1,200.0,2263000,640.0,-16.016016016017467,656.0160160160175,9964.201758000001,-9324.201758000001,2.828104286345559,-41.20283587273531,stop,1,train,10
M_GUINEA,2025-09-25,2025-09-26,2025-10-01,2025-11-05,2025-10-31,-2.84,1,200.0,2286340,-7380.0,-241.84184184184613,-7138.158158158154,10061.0476708,-17441.0476708,-32.278663715807795,-76.28370089662954,roll,3,train,10
M_GUINEA,2025-10-08,2025-10-09,2025-10-14,2025-11-05,2025-10-31,-3.0,1,200.0,2397380,8255.0,-438.1381381381453,8693.138138138145,10581.3093876,-2326.3093876000003,34.433423153609354,-9.703548822464525,revert,3,test,10
M_GUINEA,2026-01-21,2026-01-22,2026-02-02,2026-02-05,2026-02-27,-2.73,1,200.0,3130660,87760.0,1587.1871871872113,86172.81281281279,14178.725641199999,73581.2743588,280.3242766700951,235.03438367245246,expiry,7,test,10
M_GUINEA,2026-03-25,2026-03-26,2026-04-13,2026-05-05,2026-04-30,3.24,-1,200.0,2824800,-8690.0,720.5205205205319,-9410.520520520531,12431.44858,-21121.44858,-30.76323987538941,-74.77148322005097,time,11,test,10
M_GUINEA,2026-05-26,2026-05-27,2026-05-28,2026-06-05,2026-06-30,3.97,-1,200.0,3105220,-1575.0,79.77977977977976,-1654.7797797797798,13706.1918664,-15281.1918664,-5.072104391959346,-49.21130182853389,revert,1,test,10
M_GUINEA,2026-07-22,2026-07-23,2026-07-24,2026-08-05,2026-07-31,3.36,-1,200.0,2852360,-3680.0,15.61561561561561,-3695.6156156156158,12522.256555199998,-16202.256555199998,-12.901597273836405,-56.80298614200171,roll,1,test,10
M_GUINEA,2026-07-28,2026-07-29,2026-08-04,2026-09-04,2026-08-31,2.84,-1,200.0,2854580,3795.0,71.97197197197195,3723.028028028028,12519.5307956,-8724.5307956,13.294425099314084,-30.563273040517345,revert,4,test,10
M_GUINEA,2026-09-18,2026-09-21,2026-09-22,2026-10-05,2026-09-30,2.86,-1,200.0,3063520,-1795.0,-45.54554554554553,-1749.4544544544544,13430.6295164,-15225.6295164,-5.859272993158197,-49.69978820572414,revert,1,test,10
GUINEA_PETAL,2024-02-19,2024-02-20,2024-02-22,2024-02-29,2024-02-29,-2.59,1,160.0,995900,1560.0,-0.0,1560.0,433.24400479999997,1126.7559952000001,15.664223315593935,11.313947135254544,roll,2,train,0
GUINEA_PETAL,2024-02-23,2024-02-26,2024-03-01,2024-03-28,2024-03-28,-3.2,1,160.0,997700,6820.0,0.0,6820.0,434.0210832,6385.9789168,68.35722160970231,64.00700528014433,revert,4,train,0
GUINEA_PETAL,2024-03-04,2024-03-05,2024-03-12,2024-03-28,2024-03-28,-4.11,1,152.0,980457,513.0,0.0,513.0,428.8712196,84.12878039999998,5.232253938724493,0.8580568082027055,roll,5,train,0
GUINEA_PETAL,2024-05-21,2024-05-22,2024-05-23,2024-05-31,2024-05-31,2.91,-1,136.0,1012129,5865.0,-0.0,5865.0,436.46870823999996,5428.53129176,57.94715890958564,53.63477671087381,roll,1,train,0
GUINEA_PETAL,2024-07-23,2024-07-24,2024-07-31,2024-08-30,2024-08-30,3.32,-1,144.0,1017234,5490.0,-0.0,5490.0,439.35988688000003,5050.64011312,53.96988303576169,49.65072061216987,revert,5,train,0
GUINEA_PETAL,2024-09-17,2024-09-18,2024-09-20,2024-09-30,2024-09-30,3.92,-1,136.0,1007590,2788.0,0.0,2788.0,435.40778992,2352.59221008,27.669984815252235,23.348705426612014,revert,2,train,0
GUINEA_PETAL,2024-09-27,2024-09-30,2024-10-15,2024-10-31,2024-10-31,-3.58,1,128.0,975808,1936.0,0.0,1936.0,425.90577152000003,1510.0942284799999,19.83996851839706,15.47532125664065,revert,10,train,0
GUINEA_PETAL,2024-10-30,2024-10-31,2024-11-07,2024-11-29,2024-11-29,-3.33,1,128.0,1016576,-11456.0,-0.0,-11456.0,440.15450111999996,-11896.15450112,-112.69201712415008,-117.02179179048098,stop,5,train,0
GUINEA_PETAL,2024-11-07,2024-11-08,2024-11-21,2024-11-29,2024-11-29,-3.94,1,128.0,1004064,-7296.0,-0.0,-7296.0,437.84939776,-7733.84939776,-72.66469069700736,-77.0254624980081,roll,9,train,0
GUINEA_PETAL,2024-12-11,2024-12-12,2024-12-17,2024-12-31,2024-12-31,3.6,-1,128.0,1000448,4704.0,-0.0,4704.0,436.58956800000004,4267.410432,47.01893551688843,42.654994882292726,revert,3,train,0
GUINEA_PETAL,2025-01-02,2025-01-03,2025-01-17,2025-01-31,2025-01-31,2.51,-1,128.0,999440,-2272.0,0.0,-2272.0,436.13019776000004,-2708.13019776,-22.732730328984232,-27.09647600416233,roll,10,train,0
GUINEA_PETAL,2025-02-11,2025-02-12,2025-02-17,2025-02-28,2025-02-28,3.73,-1,112.0,964992,9002.0,0.0,9002.0,424.23883520000004,8577.7611648,93.28574744661096,88.88945364106647,stop,3,train,0
GUINEA_PETAL,2025-02-17,2025-02-18,2025-02-19,2025-02-28,2025-02-28,-3.78,1,112.0,972930,-7322.0,0.0,-7322.0,428.14520144,-7750.14520144,-75.25721274911864,-79.65778834489633,roll,1,train,0
GUINEA_PETAL,2025-04-15,2025-04-16,2025-04-17,2025-04-30,2025-04-30,2.68,-1,104.0,995644,2327.0,-0.0,2327.0,437.25180384000004,1889.74819616,23.37180759387893,18.980159536541173,roll,1,train,0
GUINEA_PETAL,2025-05-15,2025-05-16,2025-05-20,2025-05-30,2025-05-30,-2.64,1,104.0,969995,2301.0,0.0,2301.0,428.83717944,1872.16282056,23.72177176171011,19.300747123026408,roll,2,train,0
GUINEA_PETAL,2025-06-24,2025-06-25,2025-07-10,2025-07-31,2025-07-31,-3.2,1,104.0,1020734,-1144.0,-0.0,-1144.0,446.05307632,-1590.05307632,-11.207621182404033,-15.577545925970917,time,11,train,0
GUINEA_PETAL,2025-07-22,2025-07-23,2025-07-30,2025-08-29,2025-08-29,3.65,-1,96.0,961068,468.0,-0.0,468.0,425.34668767999995,42.653312320000055,4.869582589369327,0.4438115962658215,revert,5,train,0
GUINEA_PETAL,2025-09-24,2025-09-25,2025-10-01,2025-10-31,2025-10-31,4.06,-1,88.0,1005521,-1342.0,0.0,-1342.0,440.07215143999997,-1782.07215144,-13.346314994913083,-17.72287352964284,roll,4,train,0
GUINEA_PETAL,2025-10-08,2025-10-09,2025-10-14,2025-10-31,2025-10-31,3.79,-1,80.0,972410,3030.0,0.0,3030.0,428.33912719999995,2601.6608728,31.159696012998637,26.754772912660304,revert,3,test,0
GUINEA_PETAL,2025-11-26,2025-11-27,2025-12-05,2025-12-31,2025-12-31,-3.09,1,80.0,1022120,610.0,0.0,610.0,446.251472,163.74852800000002,5.9679881031581425,1.602047978710915,revert,6,test,0
GUINEA_PETAL,2025-12-26,2025-12-29,2026-01-05,2026-01-30,2026-01-30,3.3,-1,72.0,993735,2205.0,0.0,2205.0,435.70366424,1769.29633576,22.189014173798846,17.804508604004084,revert,5,test,0
GUINEA_PETAL,2026-01-29,2026-01-30,2026-02-11,2026-02-27,2026-02-27,-2.64,1,64.0,1048024,6208.0,-0.0,6208.0,456.09079743999996,5751.90920256,59.23528468813691,54.883372924284174,revert,9,test,0
GUINEA_PETAL,2026-05-13,2026-05-14,2026-05-20,2026-05-29,2026-05-29,3.16,-1,64.0,1039080,88.0,-0.0,88.0,452.0004768,-364.0004768,0.8469030296031105,-3.5031034838510995,roll,4,test,0
GUINEA_PETAL,2026-05-25,2026-05-26,2026-06-02,2026-06-30,2026-06-30,2.81,-1,64.0,1021112,448.0,-0.0,448.0,445.6875744,2.312425599999983,4.387373765071803,0.02264615047125079,revert,5,test,0
GUINEA_PETAL,2026-06-10,2026-06-11,2026-06-25,2026-06-30,2026-06-30,2.62,-1,64.0,949848,-448.0,-0.0,-448.0,421.013616,-869.013616,-4.71654412074353,-9.148975583461775,expiry,10,test,0
GUINEA_PETAL,2026-08-18,2026-08-19,2026-08-24,2026-08-31,2026-08-31,2.54,-1,64.0,1006200,-296.0,0.0,-296.0,440.2961632,-736.2961632,-2.941761081295965,-7.317592558139535,roll,3,test,0
GUINEA_PETAL,2026-09-16,2026-09-17,2026-09-24,2026-09-30,2026-09-30,3.1,-1,64.0,983672,-56.0,-0.0,-56.0,432.51712704,-488.51712704,-0.5692954562089803,-4.966260369716735,roll,5,test,0
GUINEA_PETAL,2024-02-19,2024-02-20,2024-02-22,2024-02-29,2024-02-29,-2.59,1,160.0,995900,1560.0,-0.0,1560.0,1221.6200048,338.37999519999994,15.664223315593935,3.397730647655387,roll,2,train,2
GUINEA_PETAL,2024-02-23,2024-02-26,2024-03-01,2024-03-28,2024-03-28,-3.2,1,160.0,997700,6820.0,0.0,6820.0,1224.2050832,5595.7949168,68.35722160970231,56.08694915104739,revert,4,train,2
GUINEA_PETAL,2024-03-04,2024-03-05,2024-03-12,2024-03-28,2024-03-28,-4.11,1,152.0,980457,513.0,0.0,513.0,1207.0732196,-694.0732195999999,5.232253938724493,-7.079078629659434,roll,5,train,2
GUINEA_PETAL,2024-05-21,2024-05-22,2024-05-23,2024-05-31,2024-05-31,2.91,-1,136.0,1012129,5865.0,-0.0,5865.0,1232.34750824,4632.65249176,57.94715890958564,45.77136404312098,roll,1,train,2
GUINEA_PETAL,2024-07-23,2024-07-24,2024-07-31,2024-08-30,2024-08-30,3.32,-1,144.0,1017234,5490.0,-0.0,5490.0,1241.9654868799998,4248.03451312,53.96988303576169,41.76064222312664,revert,5,train,2
GUINEA_PETAL,2024-09-17,2024-09-18,2024-09-20,2024-09-30,2024-09-30,3.92,-1,136.0,1007590,2788.0,0.0,2788.0,1228.81818992,1559.18181008,27.669984815252235,15.474367650333965,revert,2,train,2
GUINEA_PETAL,2024-09-27,2024-09-30,2024-10-15,2024-10-31,2024-10-31,-3.58,1,128.0,975808,1936.0,0.0,1936.0,1197.20817152,738.79182848,19.83996851839706,7.571077798911262,revert,10,train,2
GUINEA_PETAL,2024-10-30,2024-10-31,2024-11-07,2024-11-29,2024-11-29,-3.33,1,128.0,1016576,-11456.0,-0.0,-11456.0,1244.60890112,-12700.60890112,-112.69201712415008,-124.93516373709393,stop,5,train,2
GUINEA_PETAL,2024-11-07,2024-11-08,2024-11-21,2024-11-29,2024-11-29,-3.94,1,128.0,1004064,-7296.0,-0.0,-7296.0,1236.94059776,-8532.94059776,-72.66469069700736,-84.98403087611945,roll,9,train,2
GUINEA_PETAL,2024-12-11,2024-12-12,2024-12-17,2024-12-31,2024-12-31,3.6,-1,128.0,1000448,4704.0,-0.0,4704.0,1232.749568,3471.250432,47.01893551688843,34.69696008188331,revert,3,train,2
GUINEA_PETAL,2025-01-02,2025-01-03,2025-01-17,2025-01-31,2025-01-31,2.51,-1,128.0,999440,-2272.0,0.0,-2272.0,1231.22139776,-3503.22139776,-22.732730328984232,-35.05184300968542,roll,10,train,2
GUINEA_PETAL,2025-02-11,2025-02-12,2025-02-17,2025-02-28,2025-02-28,3.73,-1,112.0,964992,9002.0,0.0,9002.0,1191.6628352,7810.3371648,93.28574744661096,80.93680740151214,stop,3,train,2
GUINEA_PETAL,2025-02-17,2025-02-18,2025-02-19,2025-02-28,2025-02-28,-3.78,1,112.0,972930,-7322.0,0.0,-7322.0,1204.6580014400001,-8526.65800144,-75.25721274911864,-87.63896684694684,roll,1,train,2
GUINEA_PETAL,2025-04-15,2025-04-16,2025-04-17,2025-04-30,2025-04-30,2.68,-1,104.0,995644,2327.0,-0.0,2327.0,1234.95260384,1092.04739616,23.37180759387893,10.96825166585647,roll,1,train,2
GUINEA_PETAL,2025-05-15,2025-05-16,2025-05-20,2025-05-30,2025-05-30,-2.64,1,104.0,969995,2301.0,0.0,2301.0,1206.9599794399999,1094.0400205600001,23.72177176171011,11.278821236810499,roll,2,train,2
GUINEA_PETAL,2025-06-24,2025-06-25,2025-07-10,2025-07-31,2025-07-31,-3.2,1,104.0,1020734,-1144.0,-0.0,-1144.0,1264.2314763200002,-2408.23147632,-11.207621182404033,-23.59313470816099,time,11,train,2
GUINEA_PETAL,2025-07-22,2025-07-23,2025-07-30,2025-08-29,2025-08-29,3.65,-1,96.0,961068,468.0,-0.0,468.0,1195.3482876799999,-727.3482876799999,4.869582589369327,-7.5681251241327345,revert,5,train,2
GUINEA_PETAL,2025-09-24,2025-09-25,2025-10-01,2025-10-31,2025-10-31,4.06,-1,88.0,1005521,-1342.0,0.0,-1342.0,1244.3349514400002,-2586.33495144,-13.346314994913083,-25.721341985299162,roll,4,train,2
GUINEA_PETAL,2025-10-08,2025-10-09,2025-10-14,2025-10-31,2025-10-31,3.79,-1,80.0,972410,3030.0,0.0,3030.0,1205.3031271999998,1824.6968728000002,31.159696012998637,18.764686426507343,revert,3,test,2
GUINEA_PETAL,2025-11-26,2025-11-27,2025-12-05,2025-12-31,2025-12-31,-3.09,1,80.0,1022120,610.0,0.0,610.0,1264.891472,-654.891472,5.9679881031581425,-6.4071877274684,revert,6,test,2
GUINEA_PETAL,2025-12-26,2025-12-29,2026-01-05,2026-01-30,2026-01-30,3.3,-1,72.0,993735,2205.0,0.0,2205.0,1229.80246424,975.1975357599999,22.189014173798846,9.813456663597437,revert,5,test,2
GUINEA_PETAL,2026-01-29,2026-01-30,2026-02-11,2026-02-27,2026-02-27,-2.64,1,64.0,1048024,6208.0,-0.0,6208.0,1297.6235974400001,4910.376402559999,59.23528468813691,46.8536636809844,revert,9,test,2
GUINEA_PETAL,2026-05-13,2026-05-14,2026-05-20,2026-05-29,2026-05-29,3.16,-1,64.0,1039080,88.0,-0.0,88.0,1284.0164768,-1196.0164768,0.8469030296031105,-11.51034065519498,roll,4,test,2
GUINEA_PETAL,2026-05-25,2026-05-26,2026-06-02,2026-06-30,2026-06-30,2.81,-1,64.0,1021112,448.0,-0.0,448.0,1263.0155744,-815.0155744000001,4.387373765071803,-7.981647208141713,revert,5,test,2
GUINEA_PETAL,2026-06-10,2026-06-11,2026-06-25,2026-06-30,2026-06-30,2.62,-1,64.0,949848,-448.0,-0.0,-448.0,1180.9336160000003,-1628.9336160000003,-4.71654412074353,-17.14941354827299,expiry,10,test,2
GUINEA_PETAL,2026-08-18,2026-08-19,2026-08-24,2026-08-31,2026-08-31,2.54,-1,64.0,1006200,-296.0,0.0,-296.0,1245.0801632000002,-1541.0801632000002,-2.941761081295965,-15.315843402902011,roll,3,test,2
GUINEA_PETAL,2026-09-16,2026-09-17,2026-09-24,2026-09-30,2026-09-30,3.1,-1,64.0,983672,-56.0,-0.0,-56.0,1219.20192704,-1275.20192704,-0.5692954562089803,-12.963690407371564,roll,5,test,2
GUINEA_PETAL,2024-02-19,2024-02-20,2024-02-22,2024-02-29,2024-02-29,-2.59,1,160.0,995900,1560.0,-0.0,1560.0,2404.1840048,-844.1840047999999,15.664223315593935,-8.476594083743347,roll,2,train,5
GUINEA_PETAL,2024-02-23,2024-02-26,2024-03-01,2024-03-28,2024-03-28,-3.2,1,160.0,997700,6820.0,0.0,6820.0,2409.4810832000003,4410.5189168,68.35722160970231,44.20686495740202,revert,4,train,5
GUINEA_PETAL,2024-03-04,2024-03-05,2024-03-12,2024-03-28,2024-03-28,-4.11,1,152.0,980457,513.0,0.0,513.0,2374.3762196,-1861.3762195999998,5.232253938724493,-18.984781786452643,roll,5,train,5
GUINEA_PETAL,2024-05-21,2024-05-22,2024-05-23,2024-05-31,2024-05-31,2.91,-1,136.0,1012129,5865.0,-0.0,5865.0,2426.16570824,3438.83429176,57.94715890958564,33.976245041491744,roll,1,train,5
GUINEA_PETAL,2024-07-23,2024-07-24,2024-07-31,2024-08-30,2024-08-30,3.32,-1,144.0,1017234,5490.0,-0.0,5490.0,2445.87388688,3044.12611312,53.96988303576169,29.925524639561793,revert,5,train,5
GUINEA_PETAL,2024-09-17,2024-09-18,2024-09-20,2024-09-30,2024-09-30,3.92,-1,136.0,1007590,2788.0,0.0,2788.0,2418.93378992,369.06621008,27.669984815252235,3.6628609859168906,revert,2,train,5
GUINEA_PETAL,2024-09-27,2024-09-30,2024-10-15,2024-10-31,2024-10-31,-3.58,1,128.0,975808,1936.0,0.0,1936.0,2354.16177152,-418.16177152,19.83996851839706,-4.285287387682823,revert,10,train,5
GUINEA_PETAL,2024-10-30,2024-10-31,2024-11-07,2024-11-29,2024-11-29,-3.33,1,128.0,1016576,-11456.0,-0.0,-11456.0,2451.29050112,-13907.29050112,-112.69201712415008,-136.80522165701336,stop,5,train,5
GUINEA_PETAL,2024-11-07,2024-11-08,2024-11-21,2024-11-29,2024-11-29,-3.94,1,128.0,1004064,-7296.0,-0.0,-7296.0,2435.57739776,-9731.57739776,-72.66469069700736,-96.92188344328648,roll,9,train,5
GUINEA_PETAL,2024-12-11,2024-12-12,2024-12-17,2024-12-31,2024-12-31,3.6,-1,128.0,1000448,4704.0,-0.0,4704.0,2426.989568,2277.010432,47.01893551688843,22.75990788126919,revert,3,train,5
GUINEA_PETAL,2025-01-02,2025-01-03,2025-01-17,2025-01-31,2025-01-31,2.51,-1,128.0,999440,-2272.0,0.0,-2272.0,2423.8581977599997,-4695.85819776,-22.732730328984232,-46.98489351797006,roll,10,train,5
GUINEA_PETAL,2025-02-11,2025-02-12,2025-02-17,2025-02-28,2025-02-28,3.73,-1,112.0,964992,9002.0,0.0,9002.0,2342.7988352,6659.2011648,93.28574744661096,69.00783804218067,stop,3,train,5
GUINEA_PETAL,2025-02-17,2025-02-18,2025-02-19,2025-02-28,2025-02-28,-3.78,1,112.0,972930,-7322.0,0.0,-7322.0,2369.4272014400003,-9691.427201440001,-75.25721274911864,-99.61073460002261,roll,1,train,5
GUINEA_PETAL,2025-04-15,2025-04-16,2025-04-17,2025-04-30,2025-04-30,2.68,-1,104.0,995644,2327.0,-0.0,2327.0,2431.5038038400003,-104.50380384000027,23.37180759387893,-1.0496101401705857,roll,1,train,5
GUINEA_PETAL,2025-05-15,2025-05-16,2025-05-20,2025-05-30,2025-05-30,-2.64,1,104.0,969995,2301.0,0.0,2301.0,2374.14417944,-73.14417943999979,23.72177176171011,-0.7540675925133613,roll,2,train,5
GUINEA_PETAL,2025-06-24,2025-06-25,2025-07-10,2025-07-31,2025-07-31,-3.2,1,104.0,1020734,-1144.0,-0.0,-1144.0,2491.4990763200003,-3635.4990763200003,-11.207621182404033,-35.61651788144609,time,11,train,5
GUINEA_PETAL,2025-07-22,2025-07-23,2025-07-30,2025-08-29,2025-08-29,3.65,-1,96.0,961068,468.0,-0.0,468.0,2350.3506876799993,-1882.3506876799993,4.869582589369327,-19.586030204730562,revert,5,train,5
GUINEA_PETAL,2025-09-24,2025-09-25,2025-10-01,2025-10-31,2025-10-31,4.06,-1,88.0,1005521,-1342.0,0.0,-1342.0,2450.72915144,-3792.72915144,-13.346314994913083,-37.71904466878364,roll,4,train,5
GUINEA_PETAL,2025-10-08,2025-10-09,2025-10-14,2025-10-31,2025-10-31,3.79,-1,80.0,972410,3030.0,0.0,3030.0,2370.7491271999997,659.2508728000003,31.159696012998637,6.779556697277901,revert,3,test,5
GUINEA_PETAL,2025-11-26,2025-11-27,2025-12-05,2025-12-31,2025-12-31,-3.09,1,80.0,1022120,610.0,0.0,610.0,2492.851472,-1882.8514719999998,5.9679881031581425,-18.42104128673737,revert,6,test,5
GUINEA_PETAL,2025-12-26,2025-12-29,2026-01-05,2026-01-30,2026-01-30,3.3,-1,72.0,993735,2205.0,0.0,2205.0,2420.95066424,-215.95066424000015,22.189014173798846,-2.1731212470125345,revert,5,test,5
GUINEA_PETAL,2026-01-29,2026-01-30,2026-02-11,2026-02-27,2026-02-27,-2.64,1,64.0,1048024,6208.0,-0.0,6208.0,2559.92279744,3648.07720256,59.23528468813691,34.809099816034745,revert,9,test,5
GUINEA_PETAL,2026-05-13,2026-05-14,2026-05-20,2026-05-29,2026-05-29,3.16,-1,64.0,1039080,88.0,-0.0,88.0,2532.0404768,-2444.0404768,0.8469030296031105,-23.5211964122108,roll,4,test,5
GUINEA_PETAL,2026-05-25,2026-05-26,2026-06-02,2026-06-30,2026-06-30,2.81,-1,64.0,1021112,448.0,-0.0,448.0,2489.0075744,-2041.0075744,4.387373765071803,-19.98808724606116,revert,5,test,5
GUINEA_PETAL,2026-06-10,2026-06-11,2026-06-25,2026-06-30,2026-06-30,2.62,-1,64.0,949848,-448.0,-0.0,-448.0,2320.813616,-2768.813616,-4.71654412074353,-29.150070495489803,expiry,10,test,5
GUINEA_PETAL,2026-08-18,2026-08-19,2026-08-24,2026-08-31,2026-08-31,2.54,-1,64.0,1006200,-296.0,0.0,-296.0,2452.2561632,-2748.2561632,-2.941761081295965,-27.31321967004572,roll,3,test,5
GUINEA_PETAL,2026-09-16,2026-09-17,2026-09-24,2026-09-30,2026-09-30,3.1,-1,64.0,983672,-56.0,-0.0,-56.0,2399.22912704,-2455.22912704,-0.5692954562089803,-24.959835463853807,roll,5,test,5
GUINEA_PETAL,2024-02-19,2024-02-20,2024-02-22,2024-02-29,2024-02-29,-2.59,1,160.0,995900,1560.0,-0.0,1560.0,4375.1240048,-2815.1240048,15.664223315593935,-28.267135302741238,roll,2,train,10
GUINEA_PETAL,2024-02-23,2024-02-26,2024-03-01,2024-03-28,2024-03-28,-3.2,1,160.0,997700,6820.0,0.0,6820.0,4384.9410832,2435.0589167999997,68.35722160970231,24.40672463465971,revert,4,train,10
GUINEA_PETAL,2024-03-04,2024-03-05,2024-03-12,2024-03-28,2024-03-28,-4.11,1,152.0,980457,513.0,0.0,513.0,4319.8812196,-3806.8812196,5.232253938724493,-38.827620381108,roll,5,train,10
GUINEA_PETAL,2024-05-21,2024-05-22,2024-05-23,2024-05-31,2024-05-31,2.91,-1,136.0,1012129,5865.0,-0.0,5865.0,4415.86270824,1449.1372917600002,57.94715890958564,14.317713372109683,roll,1,train,10
GUINEA_PETAL,2024-07-23,2024-07-24,2024-07-31,2024-08-30,2024-08-30,3.32,-1,144.0,1017234,5490.0,-0.0,5490.0,4452.387886879999,1037.6121131200007,53.96988303576169,10.200328666953727,revert,5,train,10
GUINEA_PETAL,2024-09-17,2024-09-18,2024-09-20,2024-09-30,2024-09-30,3.92,-1,136.0,1007590,2788.0,0.0,2788.0,4402.45978992,-1614.4597899199998,27.669984815252235,-16.02298345477823,revert,2,train,10
GUINEA_PETAL,2024-09-27,2024-09-30,2024-10-15,2024-10-31,2024-10-31,-3.58,1,128.0,975808,1936.0,0.0,1936.0,4282.41777152,-2346.4177715200003,19.83996851839706,-24.0458960320063,revert,10,train,10
GUINEA_PETAL,2024-10-30,2024-10-31,2024-11-07,2024-11-29,2024-11-29,-3.33,1,128.0,1016576,-11456.0,-0.0,-11456.0,4462.42650112,-15918.42650112,-112.69201712415008,-156.5886515235457,stop,5,train,10
GUINEA_PETAL,2024-11-07,2024-11-08,2024-11-21,2024-11-29,2024-11-29,-3.94,1,128.0,1004064,-7296.0,-0.0,-7296.0,4433.305397759999,-11729.30539776,-72.66469069700736,-116.81830438856487,roll,9,train,10
GUINEA_PETAL,2024-12-11,2024-12-12,2024-12-17,2024-12-31,2024-12-31,3.6,-1,128.0,1000448,4704.0,-0.0,4704.0,4417.3895680000005,286.6104319999995,47.01893551688843,2.8648208802456447,revert,3,train,10
GUINEA_PETAL,2025-01-02,2025-01-03,2025-01-17,2025-01-31,2025-01-31,2.51,-1,128.0,999440,-2272.0,0.0,-2272.0,4411.586197760001,-6683.586197760001,-22.732730328984232,-66.8733110317778,roll,10,train,10
GUINEA_PETAL,2025-02-11,2025-02-12,2025-02-17,2025-02-28,2025-02-28,3.73,-1,112.0,964992,9002.0,0.0,9002.0,4261.3588352,4740.6411648,93.28574744661096,49.12622244329487,stop,3,train,10
GUINEA_PETAL,2025-02-17,2025-02-18,2025-02-19,2025-02-28,2025-02-28,-3.78,1,112.0,972930,-7322.0,0.0,-7322.0,4310.7092014400005,-11632.70920144,-75.25721274911864,-119.56368085514887,roll,1,train,10
GUINEA_PETAL,2025-04-15,2025-04-16,2025-04-17,2025-04-30,2025-04-30,2.68,-1,104.0,995644,2327.0,-0.0,2327.0,4425.75580384,-2098.75580384,23.37180759387893,-21.07937981688234,roll,1,train,10
GUINEA_PETAL,2025-05-15,2025-05-16,2025-05-20,2025-05-30,2025-05-30,-2.64,1,104.0,969995,2301.0,0.0,2301.0,4319.4511794400005,-2018.4511794400005,23.72177176171011,-20.80888230805314,roll,2,train,10
GUINEA_PETAL,2025-06-24,2025-06-25,2025-07-10,2025-07-31,2025-07-31,-3.2,1,104.0,1020734,-1144.0,-0.0,-1144.0,4536.94507632,-5680.94507632,-11.207621182404033,-55.65548983692127,time,11,train,10
GUINEA_PETAL,2025-07-22,2025-07-23,2025-07-30,2025-08-29,2025-08-29,3.65,-1,96.0,961068,468.0,-0.0,468.0,4275.354687679999,-3807.354687679999,4.869582589369327,-39.615872005726956,revert,5,train,10
GUINEA_PETAL,2025-09-24,2025-09-25,2025-10-01,2025-10-31,2025-10-31,4.06,-1,88.0,1005521,-1342.0,0.0,-1342.0,4461.38615144,-5803.38615144,-13.346314994913083,-57.71521580792444,roll,4,train,10
GUINEA_PETAL,2025-10-08,2025-10-09,2025-10-14,2025-10-31,2025-10-31,3.79,-1,80.0,972410,3030.0,0.0,3030.0,4313.159127199999,-1283.1591271999987,31.159696012998637,-13.195659518104492,revert,3,test,10
GUINEA_PETAL,2025-11-26,2025-11-27,2025-12-05,2025-12-31,2025-12-31,-3.09,1,80.0,1022120,610.0,0.0,610.0,4539.451472000001,-3929.4514720000006,5.9679881031581425,-38.44413055218566,revert,6,test,10
GUINEA_PETAL,2025-12-26,2025-12-29,2026-01-05,2026-01-30,2026-01-30,3.3,-1,72.0,993735,2205.0,0.0,2205.0,4406.19766424,-2201.1976642400004,22.189014173798846,-22.150751098029154,revert,5,test,10
GUINEA_PETAL,2026-01-29,2026-01-30,2026-02-11,2026-02-27,2026-02-27,-2.64,1,64.0,1048024,6208.0,-0.0,6208.0,4663.7547974399995,1544.2452025600005,59.23528468813691,14.734826707785322,revert,9,test,10
GUINEA_PETAL,2026-05-13,2026-05-14,2026-05-20,2026-05-29,2026-05-29,3.16,-1,64.0,1039080,88.0,-0.0,88.0,4612.0804768,-4524.0804768,0.8469030296031105,-43.539289340570505,roll,4,test,10
GUINEA_PETAL,2026-05-25,2026-05-26,2026-06-02,2026-06-30,2026-06-30,2.81,-1,64.0,1021112,448.0,-0.0,448.0,4532.3275744,-4084.3275744000002,4.387373765071803,-39.998820642593564,revert,5,test,10
GUINEA_PETAL,2026-06-10,2026-06-11,2026-06-25,2026-06-30,2026-06-30,2.62,-1,64.0,949848,-448.0,-0.0,-448.0,4220.613616000001,-4668.613616000001,-4.71654412074353,-49.151165407517844,expiry,10,test,10
GUINEA_PETAL,2026-08-18,2026-08-19,2026-08-24,2026-08-31,2026-08-31,2.54,-1,64.0,1006200,-296.0,0.0,-296.0,4464.216163200001,-4760.216163200001,-2.941761081295965,-47.30884678195191,roll,3,test,10
GUINEA_PETAL,2026-09-16,2026-09-17,2026-09-24,2026-09-30,2026-09-30,3.1,-1,64.0,983672,-56.0,-0.0,-56.0,4365.94112704,-4421.94112704,-0.5692954562089803,-44.95341055799088,roll,5,test,10
