pair,W,ze,mh,seg,n,net,net_bps
GUINEA_PETAL,10,1.5,5,train,62,-164009.12868344,-26.360939773386328
GUINEA_PETAL,10,1.5,5,test,34,-63360.48997184001,-18.50744673524909
GUINEA_PETAL,10,1.5,10,train,58,-118532.96746112,-20.400858627512218
GUINEA_PETAL,10,1.5,10,test,33,-60997.54251328,-18.313158728723614
GUINEA_PETAL,10,2.0,5,train,39,-115515.92176135999,-29.53102957802627
GUINEA_PETAL,10,2.0,5,test,22,-38085.18464688,-17.514984937346302
GUINEA_PETAL,10,2.0,10,train,37,-131765.31440984,-35.531276511160264
GUINEA_PETAL,10,2.0,10,test,22,-36397.18464688,-16.707200189394282
GUINEA_PETAL,10,2.5,5,train,29,-81520.5587844,-28.00676050671987
GUINEA_PETAL,10,2.5,5,test,13,-16019.951163839998,-12.638654462995977
GUINEA_PETAL,10,2.5,10,train,29,-93443.5587844,-32.2307053346489
GUINEA_PETAL,10,2.5,10,test,13,-14331.951163839998,-11.271634120307947
GUINEA_PETAL,20,1.5,5,train,48,-123545.124812,-25.70547378087132
GUINEA_PETAL,20,1.5,5,test,28,-56250.632688640006,-20.309439835623895
GUINEA_PETAL,20,1.5,10,train,45,-113334.07437935998,-25.178341050285933
GUINEA_PETAL,20,1.5,10,test,25,-50219.56662464,-20.13416341759701
GUINEA_PETAL,20,2.0,5,train,31,-72504.2546036,-23.382226342054103
GUINEA_PETAL,20,2.0,5,test,17,-31537.373104159997,-18.778309555746493
GUINEA_PETAL,20,2.0,10,train,31,-67104.2546036,-21.648991073485224
GUINEA_PETAL,20,2.0,10,test,15,-31219.112439439996,-20.85813164484923
GUINEA_PETAL,20,2.5,5,train,18,-31781.34506416,-17.61191719062098
GUINEA_PETAL,20,2.5,5,test,9,-7928.821018319999,-9.124068063992796
GUINEA_PETAL,20,2.5,10,train,18,-30439.34506416,-16.847523634221847
GUINEA_PETAL,20,2.5,10,test,9,-10248.821018319999,-11.548657256455392
GUINEA_PETAL,30,1.5,5,train,39,-69556.16442384,-17.881574997737648
GUINEA_PETAL,30,1.5,5,test,23,-37428.87331296,-16.323470144266697
GUINEA_PETAL,30,1.5,10,train,34,-74136.32023568,-21.81427389754045
GUINEA_PETAL,30,1.5,10,test,22,-33553.9258544,-15.271146114477698
GUINEA_PETAL,30,2.0,5,train,20,-55911.73534024,-27.998251883040115
GUINEA_PETAL,30,2.0,5,test,12,-20332.53444296,-17.474954004150856
GUINEA_PETAL,30,2.0,10,train,20,-57600.73534024,-28.868900585176668
GUINEA_PETAL,30,2.0,10,test,11,-16393.586984399997,-15.420799225623187
GUINEA_PETAL,30,2.5,5,train,15,-43578.29974448,-29.35813834996351
GUINEA_PETAL,30,2.5,5,test,7,-7494.76479688,-11.540913462789325
GUINEA_PETAL,30,2.5,10,train,15,-43635.29974448,-29.39398054282948
GUINEA_PETAL,30,2.5,10,test,6,-3523.81733832,-6.730525116513498
TEN_PETAL,10,1.5,5,train,11,-20314.253629599996,-18.772802341331396
TEN_PETAL,10,1.5,5,test,35,-37892.21009184,-10.47902080429801
TEN_PETAL,10,1.5,10,train,10,-27389.488777759998,-27.791508738433386
TEN_PETAL,10,1.5,10,test,33,-37575.607861920005,-11.199606336161628
TEN_PETAL,10,2.0,5,train,5,-11053.25758576,-22.20422235240625
TEN_PETAL,10,2.0,5,test,23,-6740.181193920003,-2.1548411063506356
TEN_PETAL,10,2.0,10,train,5,-15683.25758576,-31.730187293563358
TEN_PETAL,10,2.0,10,test,21,321.421035999997,0.8270934639796046
TEN_PETAL,10,2.5,5,train,5,-10908.581624960001,-21.858321585535897
TEN_PETAL,10,2.5,5,test,15,6712.989446560004,5.436668611195207
TEN_PETAL,10,2.5,10,train,5,-17668.581624960003,-35.88307236612947
TEN_PETAL,10,2.5,10,test,15,9127.989446560005,7.01130296810426
TEN_PETAL,20,1.5,5,train,10,-7977.69102824,-8.438026902184445
TEN_PETAL,20,1.5,5,test,25,-32417.7070824,-12.741925293165197
TEN_PETAL,20,1.5,10,train,10,-7977.69102824,-8.438026902184445
TEN_PETAL,20,1.5,10,test,24,-27605.620486400003,-11.39159148937984
TEN_PETAL,20,2.0,5,train,5,-4427.558578639999,-9.348045999532363
TEN_PETAL,20,2.0,5,test,18,-20003.730196880002,-10.596730758446727
TEN_PETAL,20,2.0,10,train,5,-4427.558578639999,-9.348045999532363
TEN_PETAL,20,2.0,10,test,17,-9241.643600880001,-4.906464490398523
TEN_PETAL,20,2.5,5,train,2,5006.702134960001,24.794942602296224
TEN_PETAL,20,2.5,5,test,8,13395.014215120002,18.038133979149457
TEN_PETAL,20,2.5,10,train,2,5006.702134960001,24.794942602296224
TEN_PETAL,20,2.5,10,test,8,19345.01421512,25.810799070555998
TEN_PETAL,30,1.5,5,train,6,3074.52840696,4.92666812087323
TEN_PETAL,30,1.5,5,test,20,-32702.09342552,-16.205283524783162
TEN_PETAL,30,1.5,10,train,6,6044.52840696,10.065681015123763
TEN_PETAL,30,1.5,10,test,19,-36979.1603444,-19.335201680492375
TEN_PETAL,30,2.0,5,train,4,4020.356872560001,9.723741114507828
TEN_PETAL,30,2.0,5,test,17,-26097.82401648,-15.284098151326623
TEN_PETAL,30,2.0,10,train,4,6990.356872560002,17.43226045588363
TEN_PETAL,30,2.0,10,test,16,-31511.73742048,-19.654801130450473
TEN_PETAL,30,2.5,5,train,1,817.5762456000002,8.180097907891184
TEN_PETAL,30,2.5,5,test,8,-6074.5408695999995,-7.582592338118133
TEN_PETAL,30,2.5,10,train,1,817.5762456000002,8.180097907891184
TEN_PETAL,30,2.5,10,test,8,-11974.5408696,-14.59136503287159
GUINEA_TEN,10,1.5,5,train,14,-20921.889254640002,-14.420518229075187
GUINEA_TEN,10,1.5,5,test,31,-38443.00921096,-6.837380065407755
GUINEA_TEN,10,1.5,10,train,14,-20921.889254640002,-14.420518229075187
GUINEA_TEN,10,1.5,10,test,29,-29645.653021839997,-4.837814450725106
GUINEA_TEN,10,2.0,5,train,8,-19451.4825156,-23.068755753855783
GUINEA_TEN,10,2.0,5,test,20,-9616.6270308,1.77398515011397
GUINEA_TEN,10,2.0,10,train,8,-19451.4825156,-23.068755753855783
GUINEA_TEN,10,2.0,10,test,20,-4878.6270308,3.843640100062072
GUINEA_TEN,10,2.5,5,train,4,-5135.459357760001,-14.900254099833496
GUINEA_TEN,10,2.5,5,test,13,3125.629754319999,11.216887087023007
GUINEA_TEN,10,2.5,10,train,4,-5135.459357760001,-14.900254099833496
GUINEA_TEN,10,2.5,10,test,13,7057.62975432,13.90895108751516
GUINEA_TEN,20,1.5,5,train,8,-18977.11377448,-22.170134800281915
GUINEA_TEN,20,1.5,5,test,26,-35163.60862448,-7.56386725804809
GUINEA_TEN,20,1.5,10,train,8,-18977.11377448,-22.170134800281915
GUINEA_TEN,20,1.5,10,test,25,-31302.547230080007,-6.592641260119446
GUINEA_TEN,20,2.0,5,train,6,-18462.4838268,-27.491009391286653
GUINEA_TEN,20,2.0,5,test,13,-11200.310169679997,1.878216794241384
GUINEA_TEN,20,2.0,10,train,6,-18462.4838268,-27.491009391286653
GUINEA_TEN,20,2.0,10,test,13,-12468.310169679999,1.0935469513238973
GUINEA_TEN,20,2.5,5,train,3,-8721.71174544,-27.082975577441175
GUINEA_TEN,20,2.5,5,test,7,-5435.581326639997,10.560402800388434
GUINEA_TEN,20,2.5,10,train,3,-8721.71174544,-27.082975577441175
GUINEA_TEN,20,2.5,10,test,7,-5629.581326639997,10.33486153040507
GUINEA_TEN,30,1.5,5,train,8,-9049.85331808,-11.568105560440824
GUINEA_TEN,30,1.5,5,test,23,-10532.297733520001,-2.54947961079844
GUINEA_TEN,30,1.5,10,train,8,-9049.85331808,-11.568105560440824
GUINEA_TEN,30,1.5,10,test,23,-10116.297733520001,-2.398747436508566
GUINEA_TEN,30,2.0,5,train,2,-2483.85924792,-9.417971914754473
GUINEA_TEN,30,2.0,5,test,14,-6966.696187599991,3.788610107724842
GUINEA_TEN,30,2.0,10,train,2,-2483.85924792,-9.417971914754473
GUINEA_TEN,30,2.0,10,test,14,2969.3038124000113,10.111141479739818
GUINEA_TEN,30,2.5,5,train,1,487.9818852799999,6.0929951089413015
GUINEA_TEN,30,2.5,5,test,8,-2931.7565589599963,12.079404245829915
GUINEA_TEN,30,2.5,10,train,1,487.9818852799999,6.0929951089413015
GUINEA_TEN,30,2.5,10,test,8,7004.243441040002,23.14383414685613
M_PETAL,10,1.5,5,train,50,-119858.8197712,-28.385319407774826
M_PETAL,10,1.5,5,test,27,-26646.1634336,-6.460299985212901
M_PETAL,10,1.5,10,train,50,-119178.8197712,-28.256315573998265
M_PETAL,10,1.5,10,test,27,-26646.1634336,-6.460299985212901
M_PETAL,10,2.0,5,train,39,-67292.69237359999,-21.01135625249299
M_PETAL,10,2.0,5,test,15,-23539.1025392,-10.5268350547769
M_PETAL,10,2.0,10,train,39,-70202.6923736,-21.642120413697178
M_PETAL,10,2.0,10,test,15,-23539.1025392,-10.5268350547769
M_PETAL,10,2.5,5,train,23,-21128.859468799998,-9.881938812371864
M_PETAL,10,2.5,5,test,9,-31938.0708064,-23.396095636946534
M_PETAL,10,2.5,10,train,23,-30768.859468799998,-15.016344818076156
M_PETAL,10,2.5,10,test,9,-31938.0708064,-23.396095636946534
M_PETAL,20,1.5,5,train,37,-78649.7983592,-23.309283576729868
M_PETAL,20,1.5,5,test,12,53808.122979199994,30.801734409413427
M_PETAL,20,1.5,10,train,37,-62149.79835919999,-17.450068726103854
M_PETAL,20,1.5,10,test,12,52356.7038704,30.327739558044325
M_PETAL,20,2.0,5,train,22,-44661.9574496,-21.915429897876574
M_PETAL,20,2.0,5,test,7,-745.7350376000031,2.192675643398051
M_PETAL,20,2.0,10,train,22,-41801.9574496,-20.834282671357965
M_PETAL,20,2.0,10,test,7,-9725.735037600003,-7.52506068539938
M_PETAL,20,2.5,5,train,13,-31436.9154752,-29.719988546932477
M_PETAL,20,2.5,5,test,5,13726.671245599999,19.726540739486577
M_PETAL,20,2.5,10,train,13,-28666.915475200003,-27.05604149531447
M_PETAL,20,2.5,10,test,5,4746.6712456,6.121709879170178
M_PETAL,30,1.5,5,train,30,-45691.29389519998,-18.468303524228208
M_PETAL,30,1.5,5,test,13,27669.957769599998,12.638337669178291
M_PETAL,30,1.5,10,train,27,-44559.0806088,-20.38036428800394
M_PETAL,30,1.5,10,test,13,19129.957769599998,7.680962370292507
M_PETAL,30,2.0,5,train,21,-25804.3172336,-15.610114363353897
M_PETAL,30,2.0,5,test,8,51533.83900959999,44.11464788060107
M_PETAL,30,2.0,10,train,20,-14562.2281968,-9.102867237471896
M_PETAL,30,2.0,10,test,8,47553.83900959999,40.788598119189906
M_PETAL,30,2.5,5,train,10,-17445.842606400005,-23.462802452839036
M_PETAL,30,2.5,5,test,6,-2376.094958400001,-0.1780414511212669
M_PETAL,30,2.5,10,train,10,-17855.842606400005,-24.044796034814475
M_PETAL,30,2.5,10,test,6,-6356.094958400001,-4.61277446633616
M_TEN,10,1.5,5,train,12,-31090.527467199998,-25.471056819955592
M_TEN,10,1.5,5,test,26,-196948.04266400004,-51.00690491664429
M_TEN,10,1.5,10,train,12,-31090.527467199998,-25.471056819955592
M_TEN,10,1.5,10,test,25,-194911.3465408,-52.411420937380115
M_TEN,10,2.0,5,train,8,-16249.3638944,-19.269669385929518
M_TEN,10,2.0,5,test,16,-140881.375252,-57.36529937463582
M_TEN,10,2.0,10,train,8,-16249.3638944,-19.269669385929518
M_TEN,10,2.0,10,test,15,-138056.1639448,-59.70340953785756
M_TEN,10,2.5,5,train,4,-7944.369693599999,-19.226819917875886
M_TEN,10,2.5,5,test,12,-112923.90486399998,-59.572023539602476
M_TEN,10,2.5,10,train,4,-8304.369693599998,-20.050716582925276
M_TEN,10,2.5,10,test,12,-112773.90486399998,-59.44593628642195
M_TEN,20,1.5,5,train,7,-14364.261250400003,-20.006362922157283
M_TEN,20,1.5,5,test,14,-132266.9348344,-61.2749458507418
M_TEN,20,1.5,10,train,7,-14364.261250400003,-20.006362922157283
M_TEN,20,1.5,10,test,14,-132496.9348344,-61.42656246855404
M_TEN,20,2.0,5,train,5,-9324.57832,-17.741805471734164
M_TEN,20,2.0,5,test,7,-28098.056724000002,-30.13778163433576
M_TEN,20,2.0,10,train,5,-9324.57832,-17.741805471734164
M_TEN,20,2.0,10,test,7,-28508.056724000002,-30.549181628515953
M_TEN,20,2.5,5,train,3,-4858.9551728,-15.351055799600305
M_TEN,20,2.5,5,test,5,-19299.1130328,-28.040158536086427
M_TEN,20,2.5,10,train,3,-4858.9551728,-15.351055799600305
M_TEN,20,2.5,10,test,5,-19299.1130328,-28.040158536086427
M_TEN,30,1.5,5,train,6,-12260.193219200002,-19.726320490979145
M_TEN,30,1.5,5,test,10,-120049.041048,-80.32314582866874
M_TEN,30,1.5,10,train,6,-12260.193219200002,-19.726320490979145
M_TEN,30,1.5,10,test,10,-114249.041048,-76.32341186410062
M_TEN,30,2.0,5,train,3,-7184.2250912,-22.269618791471135
M_TEN,30,2.0,5,test,7,-114262.30354960001,-108.86632125477094
M_TEN,30,2.0,10,train,3,-7184.2250912,-22.269618791471135
M_TEN,30,2.0,10,test,7,-105542.30354960001,-99.78812595401746
M_TEN,30,2.5,5,train,1,-2039.4623192,-20.53756464190768
M_TEN,30,2.5,5,test,6,-22018.098188000004,-27.182445063292196
M_TEN,30,2.5,10,train,1,-2039.4623192,-20.53756464190768
M_TEN,30,2.5,10,test,6,-16118.098188,-20.382640528859827
M_GUINEA,10,1.5,5,train,59,-96413.3358436,-9.53647688170702
M_GUINEA,10,1.5,5,test,25,2774.9359400000158,-1.7229520370278988
M_GUINEA,10,1.5,10,train,56,-135669.8591844,-14.280483625872575
M_GUINEA,10,1.5,10,test,24,16135.270456400016,0.026970186656138633
M_GUINEA,10,2.0,5,train,38,-38666.1558908,-5.185996037073765
M_GUINEA,10,2.0,5,test,16,-17464.583630800007,-3.7871523596101935
M_GUINEA,10,2.0,10,train,37,-80645.69546759999,-12.572775026886482
M_GUINEA,10,2.0,10,test,15,6220.75088559999,1.3118605278596798
M_GUINEA,10,2.5,5,train,21,-52664.1370924,-12.453710590081084
M_GUINEA,10,2.5,5,test,11,54508.3875548,15.860951473892323
M_GUINEA,10,2.5,10,train,20,-64263.6766692,-17.791862281665008
M_GUINEA,10,2.5,10,test,10,81763.7220712,26.614615814372918
M_GUINEA,20,1.5,5,train,42,-134515.6913644,-19.891932786910917
M_GUINEA,20,1.5,5,test,17,-39727.17217599999,-11.038630148418433
M_GUINEA,20,1.5,10,train,39,-100035.7046116,-15.73180947799943
M_GUINEA,20,1.5,10,test,16,-21096.837659599994,-7.930378953419709
M_GUINEA,20,2.0,5,train,27,-56647.986818,-12.110067524344311
M_GUINEA,20,2.0,5,test,11,-29395.565626799995,-12.154274007337726
M_GUINEA,20,2.0,10,train,25,-45113.5913716,-9.244248312339954
M_GUINEA,20,2.0,10,test,11,-24125.565626799995,-10.599775741039405
M_GUINEA,20,2.5,5,train,16,-32872.678724,-11.845498433360369
M_GUINEA,20,2.5,5,test,7,29158.627657599995,12.029053392922497
M_GUINEA,20,2.5,10,train,15,-27220.356519999998,-10.020714352688481
M_GUINEA,20,2.5,10,test,7,35543.627657599995,15.081718184014873
M_GUINEA,30,1.5,5,train,35,-108714.12447120002,-19.184810508378845
M_GUINEA,30,1.5,5,test,15,-191395.649182,-44.58196182059704
M_GUINEA,30,1.5,10,train,33,-112460.86104640001,-20.467228140278262
M_GUINEA,30,1.5,10,test,13,-169591.3129924,-45.74663501382016
M_GUINEA,30,2.0,5,train,23,-76192.68283040001,-21.421052166374615
M_GUINEA,30,2.0,5,test,9,-140384.0655052,-52.53096359095507
M_GUINEA,30,2.0,10,train,21,-58030.80353440001,-17.451860167347416
M_GUINEA,30,2.0,10,test,9,-134054.0655052,-50.055535532234984
M_GUINEA,30,2.5,5,train,11,-33933.2442416,-22.36205222895992
M_GUINEA,30,2.5,5,test,7,-112988.78694080001,-51.87878921323641
M_GUINEA,30,2.5,10,train,9,-31023.848795200003,-23.32156158281623
M_GUINEA,30,2.5,10,test,7,-119223.78694080001,-54.88190914059867
