pair,slip,seg,n,gross_bps,net_bps,net_rs,gold_rs,spread_rs,cost_rs,hit
GUINEA_PETAL,0,test,9,12.8,8.5,7831.1,0.0,11789.0,3957.9,0.6
GUINEA_PETAL,0,train,18,7.4,3.0,5128.1,0.0,12942.0,7813.9,0.7
GUINEA_PETAL,2,test,9,12.8,0.5,599.1,0.0,11789.0,11189.9,0.3
GUINEA_PETAL,2,train,18,7.4,-4.9,-9098.9,0.0,12942.0,22040.9,0.6
GUINEA_PETAL,5,test,9,12.8,-11.5,-10248.8,0.0,11789.0,22037.8,0.2
GUINEA_PETAL,5,train,18,7.4,-16.8,-30439.3,0.0,12942.0,43381.3,0.3
GUINEA_PETAL,10,test,9,12.8,-31.6,-28328.7,0.0,11789.0,40117.7,0.1
GUINEA_PETAL,10,train,18,7.4,-36.7,-66006.7,0.0,12942.0,78948.7,0.3
GUINEA_TEN,0,test,8,36.3,32.0,14219.2,0.0,17923.0,3703.8,0.6
GUINEA_TEN,0,train,1,30.7,26.1,2088.4,0.0,2458.0,369.6,1.0
GUINEA_TEN,2,test,8,36.3,24.0,7358.8,0.0,17923.0,10564.2,0.5
GUINEA_TEN,2,train,1,30.7,18.1,1448.3,0.0,2458.0,1009.7,1.0
GUINEA_TEN,5,test,8,36.3,12.1,-2931.8,0.0,17923.0,20854.8,0.4
GUINEA_TEN,5,train,1,30.7,6.1,488.0,0.0,2458.0,1970.0,1.0
GUINEA_TEN,10,test,8,36.3,-7.8,-20082.7,0.0,17923.0,38005.7,0.2
GUINEA_TEN,10,train,1,30.7,-13.9,-1112.5,0.0,2458.0,3570.5,0.0
M_GUINEA,0,test,7,39.1,35.3,76387.3,1991.4,82078.6,7682.7,0.4
M_GUINEA,0,train,15,14.2,10.1,21848.1,500.1,31199.9,9851.9,0.5
M_GUINEA,2,test,7,39.1,27.2,60049.9,1991.4,82078.6,24020.1,0.4
M_GUINEA,2,train,15,14.2,2.1,2220.7,500.1,31199.9,29479.3,0.5
M_GUINEA,5,test,7,39.1,15.1,35543.6,1991.4,82078.6,48526.4,0.3
M_GUINEA,5,train,15,14.2,-10.0,-27220.4,500.1,31199.9,58920.4,0.5
M_GUINEA,10,test,7,39.1,-5.1,-5300.1,1991.4,82078.6,89370.1,0.1
M_GUINEA,10,train,15,14.2,-30.1,-76288.9,500.1,31199.9,107988.9,0.1
M_PETAL,0,test,8,65.2,61.0,70124.5,370.4,74389.6,4635.5,0.6
M_PETAL,0,train,20,15.5,10.9,20196.3,445.6,27614.4,7863.7,0.6
M_PETAL,2,test,8,65.2,52.9,61096.2,370.4,74389.6,13663.8,0.6
M_PETAL,2,train,20,15.5,2.9,6292.9,445.6,27614.4,21767.1,0.6
M_PETAL,5,test,8,65.2,40.8,47553.8,370.4,74389.6,27206.2,0.4
M_PETAL,5,train,20,15.5,-9.1,-14562.2,445.6,27614.4,42622.2,0.5
M_PETAL,10,test,8,65.2,20.6,24983.2,370.4,74389.6,49776.8,0.4
M_PETAL,10,train,20,15.5,-29.1,-49320.8,445.6,27614.4,77380.8,0.3
M_TEN,0,test,6,-2.9,-7.1,-5547.9,-677.0,-1473.0,3397.9,0.3
M_TEN,0,train,1,3.9,-0.5,-47.0,-23.9,413.9,437.0,0.0
M_TEN,2,test,6,-2.9,-15.1,-12136.0,-677.0,-1473.0,9986.0,0.3
M_TEN,2,train,1,3.9,-8.5,-844.0,-23.9,413.9,1234.0,0.0
M_TEN,5,test,6,-2.9,-27.2,-22018.1,-677.0,-1473.0,19868.1,0.2
M_TEN,5,train,1,3.9,-20.5,-2039.5,-23.9,413.9,2429.5,0.0
M_TEN,10,test,6,-2.9,-47.3,-38488.2,-677.0,-1473.0,36338.2,0.0
M_TEN,10,train,1,3.9,-40.6,-4032.0,-23.9,413.9,4422.0,0.0
TEN_PETAL,0,test,16,4.9,0.5,535.1,0.0,7555.0,7019.9,0.4
TEN_PETAL,0,train,4,41.9,37.5,14971.3,0.0,16721.0,1749.7,1.0
TEN_PETAL,2,test,16,4.9,-7.6,-12283.6,0.0,7555.0,19838.6,0.4
TEN_PETAL,2,train,4,41.9,29.5,11778.9,0.0,16721.0,4942.1,1.0
TEN_PETAL,5,test,16,4.9,-19.7,-31511.7,0.0,7555.0,39066.7,0.2
TEN_PETAL,5,train,4,41.9,17.4,6990.4,0.0,16721.0,9730.6,1.0
TEN_PETAL,10,test,16,4.9,-39.8,-63558.6,0.0,7555.0,71113.6,0.1
TEN_PETAL,10,train,4,41.9,-2.6,-990.6,0.0,16721.0,17711.6,0.2
