symbol,expiry_date,first_seen,liquid_from,peak_oi_lots,peak_oi_date,last_seen,rows,no_trade_days
GOLDGUINEA,2024-01-31,2023-10-10,2023-11-28,2721,2023-12-28,2024-01-31,81,15
GOLDGUINEA,2024-02-29,2023-11-01,2023-12-28,3450,2024-01-25,2024-02-29,86,10
GOLDGUINEA,2024-03-28,2023-12-08,2024-02-12,3549,2024-02-23,2024-03-28,78,6
GOLDGUINEA,2024-04-30,2023-12-29,2024-03-07,5606,2024-04-11,2024-04-30,86,17
GOLDGUINEA,2024-05-31,2024-02-01,2024-03-28,3419,2024-04-30,2024-05-31,86,13
GOLDGUINEA,2024-06-28,2024-03-01,2024-04-24,3444,2024-05-29,2024-06-28,85,7
GOLDGUINEA,2024-07-31,2024-04-01,2024-06-07,4913,2024-07-02,2024-07-31,88,4
GOLDGUINEA,2024-08-30,2024-05-01,2024-07-16,5756,2024-07-29,2024-08-30,87,4
GOLDGUINEA,2024-09-30,2024-06-03,2024-07-24,4874,2024-08-26,2024-09-30,85,11
GOLDGUINEA,2024-10-31,2024-07-01,2024-09-02,4456,2024-10-10,2024-10-31,87,11
GOLDGUINEA,2024-11-29,2024-08-01,2024-09-26,5041,2024-11-15,2024-11-29,85,11
GOLDGUINEA,2024-12-31,2024-09-02,2024-11-06,6677,2024-11-26,2024-12-31,85,5
GOLDGUINEA,2025-01-31,2024-10-01,2024-12-03,7148,2024-12-24,2025-01-31,87,11
GOLDGUINEA,2025-02-28,2024-11-01,2024-12-30,6389,2025-02-10,2025-02-28,86,4
GOLDGUINEA,2025-03-31,2024-12-02,2025-02-03,5945,2025-02-26,2025-03-28,85,9
GOLDGUINEA,2025-04-30,2025-01-01,2025-02-17,5504,2025-03-31,2025-04-30,86,7
GOLDGUINEA,2025-05-30,2025-02-01,2025-03-26,7129,2025-05-01,2025-05-30,85,0
GOLDGUINEA,2025-06-30,2025-03-03,2025-04-16,6776,2025-05-29,2025-06-30,85,0
GOLDGUINEA,2025-07-31,2025-04-01,2025-05-14,9725,2025-07-08,2025-07-31,87,0
GOLDGUINEA,2025-08-29,2025-05-01,2025-06-09,6695,2025-07-28,2025-08-29,86,0
GOLDGUINEA,2025-09-30,2025-06-02,2025-07-28,12559,2025-09-03,2025-09-30,86,0
GOLDGUINEA,2025-10-31,2025-07-01,2025-08-18,10633,2025-10-09,2025-10-31,87,0
GOLDGUINEA,2025-11-28,2025-08-01,2025-09-05,10669,2025-11-04,2025-11-28,84,0
GOLDGUINEA,2025-12-31,2025-09-01,2025-10-03,13743,2025-11-24,2025-12-31,86,0
GOLDGUINEA,2026-01-30,2025-09-22,2025-11-12,12794,2026-01-02,2026-01-30,92,0
GOLDGUINEA,2026-02-27,2025-09-22,2025-12-23,23009,2026-01-27,2026-02-27,113,0
GOLDGUINEA,2026-03-31,2025-10-01,2026-01-07,15384,2026-03-09,2026-03-30,127,0
GOLDGUINEA,2026-04-30,2025-11-03,2026-02-16,18095,2026-03-26,2026-04-30,127,0
GOLDGUINEA,2026-05-29,2025-12-01,2026-03-16,17322,2026-05-04,2026-05-29,128,0
GOLDGUINEA,2026-06-30,2026-01-01,2026-04-10,15396,2026-06-10,2026-06-30,128,0
GOLDGUINEA,2026-07-31,2026-02-01,2026-05-26,16973,2026-06-26,2026-07-31,130,1
GOLDGUINEA,2026-08-31,2026-03-02,2026-06-24,18279,2026-07-30,2026-08-31,130,0
GOLDGUINEA,2026-09-30,2026-04-01,2026-07-15,12060,2026-09-01,2026-09-30,130,1
GOLDGUINEA,2026-10-30,2026-05-01,2026-08-25,14377,2026-09-30,2026-09-30,109,2
GOLDGUINEA,2026-11-30,2026-06-01,2026-08-21,7535,2026-09-30,2026-09-30,88,1
GOLDGUINEA,2026-12-31,2026-07-01,2026-08-12,3288,2026-09-30,2026-09-30,66,0
GOLDGUINEA,2027-01-29,2026-08-03,2026-08-25,1778,2026-09-30,2026-09-30,43,1
GOLDGUINEA,2027-02-26,2026-09-01,2026-09-09,458,2026-09-30,2026-09-30,22,0
GOLDM,2024-01-05,2023-10-10,2023-11-10,13865,2023-12-13,2024-01-05,64,0
GOLDM,2024-02-05,2023-11-10,2023-12-01,14234,2024-01-17,2024-02-05,61,2
GOLDM,2024-03-05,2023-12-08,2024-01-17,23178,2024-02-15,2024-03-05,61,0
GOLDM,2024-04-05,2024-01-05,2024-02-13,19538,2024-03-08,2024-04-05,64,1
GOLDM,2024-05-03,2024-02-05,2024-03-07,23114,2024-04-11,2024-05-03,64,1
GOLDM,2024-06-05,2024-03-05,2024-03-27,14916,2024-05-10,2024-06-05,66,1
GOLDM,2024-07-05,2024-04-08,2024-05-08,17008,2024-06-10,2024-07-05,65,0
GOLDM,2024-08-05,2024-05-06,2024-05-30,19881,2024-07-16,2024-08-05,66,0
GOLDM,2024-09-05,2024-06-06,2024-07-23,26058,2024-07-30,2024-09-05,65,0
GOLDM,2024-10-04,2024-07-08,2024-07-25,24348,2024-09-05,2024-10-04,63,0
GOLDM,2024-10-31,2024-08-06,2024-09-12,19514,2024-10-09,2024-10-31,61,0
GOLDM,2024-12-05,2024-09-06,2024-09-27,23455,2024-11-15,2024-12-05,64,0
GOLDM,2025-01-03,2024-10-07,2024-11-12,30157,2024-12-11,2025-01-03,64,0
GOLDM,2025-02-05,2024-11-06,2024-12-05,23869,2024-12-30,2025-02-05,66,0
GOLDM,2025-03-05,2024-12-06,2025-01-16,30581,2025-02-05,2025-03-05,64,0
GOLDM,2025-04-04,2025-01-06,2025-01-28,22272,2025-03-13,2025-04-04,66,0
GOLDM,2025-05-05,2025-02-06,2025-03-13,26891,2025-04-21,2025-05-05,62,0
GOLDM,2025-06-05,2025-03-06,2025-03-31,28279,2025-05-06,2025-06-05,65,0
GOLDM,2025-07-04,2025-04-07,2025-05-06,31998,2025-06-13,2025-07-04,64,0
GOLDM,2025-08-05,2025-05-06,2025-06-02,38943,2025-06-27,2025-08-05,66,0
GOLDM,2025-09-05,2025-06-06,2025-06-27,40913,2025-08-08,2025-09-05,65,0
GOLDM,2025-10-03,2025-07-07,2025-08-06,41004,2025-09-09,2025-10-03,63,0
GOLDM,2025-11-05,2025-08-06,2025-09-02,39533,2025-10-07,2025-11-05,64,0
GOLDM,2025-12-05,2025-09-08,2025-09-25,42118,2025-11-07,2025-12-05,64,0
GOLDM,2026-01-05,2025-09-22,2025-11-11,48142,2025-12-10,2026-01-05,74,0
GOLDM,2026-02-05,2025-09-22,2025-12-02,50799,2026-01-02,2026-02-05,97,0
GOLDM,2026-03-05,2025-09-22,2026-01-02,59206,2026-01-30,2026-03-05,117,1
GOLDM,2026-04-03,2025-10-06,2026-01-22,42794,2026-03-05,2026-04-02,128,1
GOLDM,2026-05-05,2025-11-06,2026-03-02,36856,2026-04-17,2026-05-05,127,1
GOLDM,2026-06-05,2025-12-08,2026-04-10,46139,2026-05-12,2026-06-05,128,0
GOLDM,2026-07-03,2026-01-06,2026-05-05,51410,2026-06-10,2026-07-03,128,0
GOLDM,2026-08-05,2026-02-06,2026-06-11,50369,2026-07-02,2026-08-05,128,0
GOLDM,2026-09-04,2026-03-06,2026-07-07,37126,2026-08-03,2026-09-04,130,0
GOLDM,2026-10-05,2026-04-06,2026-07-31,37638,2026-09-21,2026-09-30,128,1
GOLDM,2026-11-05,2026-05-06,2026-09-21,44601,2026-09-30,2026-09-30,106,0
GOLDM,2026-12-04,2026-06-08,2026-08-18,14158,2026-09-30,2026-09-30,83,0
GOLDM,2027-01-05,2026-07-06,2026-08-20,3479,2026-09-30,2026-09-30,63,1
GOLDM,2027-02-05,2026-08-06,2026-08-24,1801,2026-09-30,2026-09-30,40,1
GOLDM,2027-03-05,2026-09-07,2026-09-24,186,2026-09-30,2026-09-30,18,1
GOLDPETAL,2024-01-31,2023-10-10,2023-12-01,40338,2023-12-26,2024-01-31,81,1
GOLDPETAL,2024-02-29,2023-11-01,2024-01-02,56410,2024-02-01,2024-02-29,86,2
GOLDPETAL,2024-03-28,2023-12-08,2024-02-13,52317,2024-02-27,2024-03-28,78,3
GOLDPETAL,2024-04-30,2023-12-29,2024-02-23,45749,2024-04-02,2024-04-30,86,1
GOLDPETAL,2024-05-31,2024-02-01,2024-04-01,54969,2024-05-03,2024-05-31,86,6
GOLDPETAL,2024-06-28,2024-03-01,2024-05-02,46085,2024-05-31,2024-06-28,85,0
GOLDPETAL,2024-07-31,2024-04-01,2024-05-31,53793,2024-07-02,2024-07-31,88,0
GOLDPETAL,2024-08-30,2024-05-01,2024-07-15,84962,2024-08-06,2024-08-30,87,1
GOLDPETAL,2024-09-30,2024-06-03,2024-07-26,98803,2024-08-23,2024-09-30,85,0
GOLDPETAL,2024-10-31,2024-07-01,2024-08-22,62401,2024-09-23,2024-10-31,87,0
GOLDPETAL,2024-11-29,2024-08-01,2024-09-25,56184,2024-10-28,2024-11-29,85,0
GOLDPETAL,2024-12-31,2024-09-02,2024-10-30,78236,2024-12-05,2024-12-31,85,0
GOLDPETAL,2025-01-31,2024-10-01,2024-12-02,83402,2024-12-24,2025-01-31,87,0
GOLDPETAL,2025-02-28,2024-11-01,2024-12-20,51603,2025-02-07,2025-02-28,86,1
GOLDPETAL,2025-03-31,2024-12-02,2025-02-06,84818,2025-02-25,2025-03-28,85,0
GOLDPETAL,2025-04-30,2025-01-01,2025-02-19,68500,2025-03-26,2025-04-30,86,1
GOLDPETAL,2025-05-30,2025-02-01,2025-03-25,84459,2025-05-01,2025-05-30,85,0
GOLDPETAL,2025-06-30,2025-03-03,2025-04-21,94029,2025-05-30,2025-06-30,85,0
GOLDPETAL,2025-07-31,2025-04-01,2025-05-14,129439,2025-06-27,2025-07-31,87,0
GOLDPETAL,2025-08-29,2025-05-01,2025-06-17,106631,2025-07-31,2025-08-29,86,0
GOLDPETAL,2025-09-30,2025-06-02,2025-07-07,119472,2025-08-21,2025-09-30,86,0
GOLDPETAL,2025-10-31,2025-07-01,2025-08-11,119293,2025-09-25,2025-10-31,87,0
GOLDPETAL,2025-11-28,2025-08-01,2025-09-09,162701,2025-11-04,2025-11-28,84,0
GOLDPETAL,2025-12-31,2025-09-01,2025-09-30,192724,2025-11-24,2025-12-31,86,0
GOLDPETAL,2026-01-30,2025-09-22,2025-11-13,188922,2026-01-02,2026-01-30,92,0
GOLDPETAL,2026-02-27,2025-09-22,2025-12-17,304643,2026-01-27,2026-02-27,113,0
GOLDPETAL,2026-03-31,2025-10-01,2026-01-01,218436,2026-03-13,2026-03-30,127,0
GOLDPETAL,2026-04-30,2025-11-03,2026-01-30,213782,2026-03-26,2026-04-30,127,0
GOLDPETAL,2026-05-29,2025-12-01,2026-03-16,217911,2026-05-04,2026-05-29,128,0
GOLDPETAL,2026-06-30,2026-01-01,2026-04-01,191737,2026-06-05,2026-06-30,128,0
GOLDPETAL,2026-07-31,2026-02-01,2026-05-26,234310,2026-06-26,2026-07-31,130,0
GOLDPETAL,2026-08-31,2026-03-02,2026-06-18,215267,2026-08-05,2026-08-31,130,0
GOLDPETAL,2026-09-30,2026-04-01,2026-07-13,223398,2026-09-01,2026-09-30,130,0
GOLDPETAL,2026-10-30,2026-05-01,2026-08-14,208412,2026-09-28,2026-09-30,109,0
GOLDPETAL,2026-11-30,2026-06-01,2026-08-26,151926,2026-09-28,2026-09-30,88,0
GOLDPETAL,2026-12-31,2026-07-01,2026-08-13,51483,2026-09-28,2026-09-30,66,0
GOLDPETAL,2027-01-29,2026-08-03,2026-08-18,38091,2026-09-28,2026-09-30,43,0
GOLDPETAL,2027-02-26,2026-09-01,2026-09-04,11521,2026-09-30,2026-09-30,22,0
GOLDTEN,2025-04-30,2025-03-31,2025-04-01,2654,2025-04-16,2025-04-30,22,1
GOLDTEN,2025-05-30,2025-03-31,2025-04-11,6708,2025-05-14,2025-05-30,44,1
GOLDTEN,2025-06-30,2025-03-31,2025-04-30,8962,2025-05-30,2025-06-30,65,1
GOLDTEN,2025-07-31,2025-05-01,2025-05-14,13301,2025-06-27,2025-07-31,66,0
GOLDTEN,2025-08-29,2025-06-02,2025-06-13,10242,2025-06-27,2025-08-29,64,0
GOLDTEN,2025-09-30,2025-07-01,2025-07-24,12094,2025-09-12,2025-09-30,65,0
GOLDTEN,2025-10-31,2025-08-01,2025-08-12,11911,2025-09-24,2025-10-31,64,0
GOLDTEN,2025-11-28,2025-09-01,2025-09-15,15046,2025-11-05,2025-11-28,64,0
GOLDTEN,2025-12-31,2025-09-22,2025-09-30,18254,2025-11-25,2025-12-31,71,0
GOLDTEN,2026-01-30,2025-09-22,2025-11-14,24172,2026-01-02,2026-01-30,92,0
GOLDTEN,2026-02-27,2025-09-22,2025-12-23,33352,2026-01-30,2026-02-27,113,0
GOLDTEN,2026-03-31,2025-10-01,2026-01-16,31905,2026-03-05,2026-03-30,127,0
GOLDTEN,2026-04-30,2025-11-03,2026-02-18,36997,2026-03-27,2026-04-30,127,0
GOLDTEN,2026-05-29,2025-12-01,2026-03-19,37812,2026-04-29,2026-05-29,128,0
GOLDTEN,2026-06-30,2026-01-01,2026-04-21,32787,2026-06-05,2026-06-30,128,0
GOLDTEN,2026-07-31,2026-02-01,2026-05-21,32785,2026-06-30,2026-07-31,130,0
GOLDTEN,2026-08-31,2026-03-02,2026-06-18,33001,2026-07-29,2026-08-31,130,1
GOLDTEN,2026-09-30,2026-04-01,2026-07-16,26868,2026-09-01,2026-09-30,130,0
GOLDTEN,2026-10-30,2026-05-01,2026-08-26,31674,2026-09-29,2026-09-30,109,0
GOLDTEN,2026-11-30,2026-06-01,2026-08-26,16036,2026-09-29,2026-09-30,88,0
GOLDTEN,2026-12-31,2026-07-01,2026-08-07,6895,2026-09-29,2026-09-30,66,0
GOLDTEN,2027-01-29,2026-08-03,2026-08-24,2997,2026-09-30,2026-09-30,43,0
GOLDTEN,2027-02-26,2026-09-01,2026-09-08,854,2026-09-30,2026-09-30,22,0
