symbol,expiry,endpoint,params,requested_from,requested_to,retrieved_at_ist,rows,first_date,last_date,rows_outside_range_or_after_expiry
GOLDGUINEA,2024-01-31,https://www.mcxindia.com/market-data/bhavcopy/GetCommoditywiseBhavCopy,InstrumentName=FUTCOM&Symbol=GOLDGUINEA&Expiry=31JAN2024,27/12/2022,31/01/2024,2026-10-01 23:10,81,2023-10-10,2024-01-31,0
GOLDGUINEA,2024-02-29,https://www.mcxindia.com/market-data/bhavcopy/GetCommoditywiseBhavCopy,InstrumentName=FUTCOM&Symbol=GOLDGUINEA&Expiry=29FEB2024,25/01/2023,29/02/2024,2026-10-01 23:10,86,2023-11-01,2024-02-29,0
GOLDGUINEA,2024-03-28,https://www.mcxindia.com/market-data/bhavcopy/GetCommoditywiseBhavCopy,InstrumentName=FUTCOM&Symbol=GOLDGUINEA&Expiry=28MAR2024,22/02/2023,28/03/2024,2026-10-01 23:10,78,2023-12-08,2024-03-28,0
GOLDGUINEA,2024-04-30,https://www.mcxindia.com/market-data/bhavcopy/GetCommoditywiseBhavCopy,InstrumentName=FUTCOM&Symbol=GOLDGUINEA&Expiry=30APR2024,27/03/2023,30/04/2024,2026-10-01 23:10,86,2023-12-29,2024-04-30,0
GOLDGUINEA,2024-05-31,https://www.mcxindia.com/market-data/bhavcopy/GetCommoditywiseBhavCopy,InstrumentName=FUTCOM&Symbol=GOLDGUINEA&Expiry=31MAY2024,27/04/2023,31/05/2024,2026-10-01 23:10,86,2024-02-01,2024-05-31,0
GOLDGUINEA,2024-06-28,https://www.mcxindia.com/market-data/bhavcopy/GetCommoditywiseBhavCopy,InstrumentName=FUTCOM&Symbol=GOLDGUINEA&Expiry=28JUN2024,25/05/2023,28/06/2024,2026-10-01 23:10,85,2024-03-01,2024-06-28,0
GOLDGUINEA,2024-07-31,https://www.mcxindia.com/market-data/bhavcopy/GetCommoditywiseBhavCopy,InstrumentName=FUTCOM&Symbol=GOLDGUINEA&Expiry=31JUL2024,27/06/2023,31/07/2024,2026-10-01 23:10,88,2024-04-01,2024-07-31,0
GOLDGUINEA,2024-08-30,https://www.mcxindia.com/market-data/bhavcopy/GetCommoditywiseBhavCopy,InstrumentName=FUTCOM&Symbol=GOLDGUINEA&Expiry=30AUG2024,27/07/2023,30/08/2024,2026-10-01 23:10,87,2024-05-01,2024-08-30,0
GOLDGUINEA,2024-09-30,https://www.mcxindia.com/market-data/bhavcopy/GetCommoditywiseBhavCopy,InstrumentName=FUTCOM&Symbol=GOLDGUINEA&Expiry=30SEP2024,27/08/2023,30/09/2024,2026-10-01 23:10,85,2024-06-03,2024-09-30,0
GOLDGUINEA,2024-10-31,https://www.mcxindia.com/market-data/bhavcopy/GetCommoditywiseBhavCopy,InstrumentName=FUTCOM&Symbol=GOLDGUINEA&Expiry=31OCT2024,27/09/2023,31/10/2024,2026-10-01 23:10,87,2024-07-01,2024-10-31,0
GOLDGUINEA,2024-11-29,https://www.mcxindia.com/market-data/bhavcopy/GetCommoditywiseBhavCopy,InstrumentName=FUTCOM&Symbol=GOLDGUINEA&Expiry=29NOV2024,26/10/2023,29/11/2024,2026-10-01 23:10,85,2024-08-01,2024-11-29,0
GOLDGUINEA,2024-12-31,https://www.mcxindia.com/market-data/bhavcopy/GetCommoditywiseBhavCopy,InstrumentName=FUTCOM&Symbol=GOLDGUINEA&Expiry=31DEC2024,27/11/2023,31/12/2024,2026-10-01 23:10,85,2024-09-02,2024-12-31,0
GOLDGUINEA,2025-01-31,https://www.mcxindia.com/market-data/bhavcopy/GetCommoditywiseBhavCopy,InstrumentName=FUTCOM&Symbol=GOLDGUINEA&Expiry=31JAN2025,28/12/2023,31/01/2025,2026-10-01 23:10,87,2024-10-01,2025-01-31,0
GOLDGUINEA,2025-02-28,https://www.mcxindia.com/market-data/bhavcopy/GetCommoditywiseBhavCopy,InstrumentName=FUTCOM&Symbol=GOLDGUINEA&Expiry=28FEB2025,25/01/2024,28/02/2025,2026-10-01 23:10,86,2024-11-01,2025-02-28,0
GOLDGUINEA,2025-03-31,https://www.mcxindia.com/market-data/bhavcopy/GetCommoditywiseBhavCopy,InstrumentName=FUTCOM&Symbol=GOLDGUINEA&Expiry=31MAR2025,25/02/2024,31/03/2025,2026-10-01 23:10,85,2024-12-02,2025-03-28,0
GOLDGUINEA,2025-04-30,https://www.mcxindia.com/market-data/bhavcopy/GetCommoditywiseBhavCopy,InstrumentName=FUTCOM&Symbol=GOLDGUINEA&Expiry=30APR2025,26/03/2024,30/04/2025,2026-10-01 23:10,86,2025-01-01,2025-04-30,0
GOLDGUINEA,2025-05-30,https://www.mcxindia.com/market-data/bhavcopy/GetCommoditywiseBhavCopy,InstrumentName=FUTCOM&Symbol=GOLDGUINEA&Expiry=30MAY2025,25/04/2024,30/05/2025,2026-10-01 23:10,85,2025-02-01,2025-05-30,0
GOLDGUINEA,2025-06-30,https://www.mcxindia.com/market-data/bhavcopy/GetCommoditywiseBhavCopy,InstrumentName=FUTCOM&Symbol=GOLDGUINEA&Expiry=30JUN2025,26/05/2024,30/06/2025,2026-10-01 23:10,85,2025-03-03,2025-06-30,0
GOLDGUINEA,2025-07-31,https://www.mcxindia.com/market-data/bhavcopy/GetCommoditywiseBhavCopy,InstrumentName=FUTCOM&Symbol=GOLDGUINEA&Expiry=31JUL2025,26/06/2024,31/07/2025,2026-10-01 23:10,87,2025-04-01,2025-07-31,0
GOLDGUINEA,2025-08-29,https://www.mcxindia.com/market-data/bhavcopy/GetCommoditywiseBhavCopy,InstrumentName=FUTCOM&Symbol=GOLDGUINEA&Expiry=29AUG2025,25/07/2024,29/08/2025,2026-10-01 23:10,86,2025-05-01,2025-08-29,0
GOLDGUINEA,2025-09-30,https://www.mcxindia.com/market-data/bhavcopy/GetCommoditywiseBhavCopy,InstrumentName=FUTCOM&Symbol=GOLDGUINEA&Expiry=30SEP2025,26/08/2024,30/09/2025,2026-10-01 23:10,86,2025-06-02,2025-09-30,0
GOLDGUINEA,2025-10-31,https://www.mcxindia.com/market-data/bhavcopy/GetCommoditywiseBhavCopy,InstrumentName=FUTCOM&Symbol=GOLDGUINEA&Expiry=31OCT2025,26/09/2024,31/10/2025,2026-10-01 23:10,87,2025-07-01,2025-10-31,0
GOLDGUINEA,2025-11-28,https://www.mcxindia.com/market-data/bhavcopy/GetCommoditywiseBhavCopy,InstrumentName=FUTCOM&Symbol=GOLDGUINEA&Expiry=28NOV2025,24/10/2024,28/11/2025,2026-10-01 23:10,84,2025-08-01,2025-11-28,0
GOLDGUINEA,2025-12-31,https://www.mcxindia.com/market-data/bhavcopy/GetCommoditywiseBhavCopy,InstrumentName=FUTCOM&Symbol=GOLDGUINEA&Expiry=31DEC2025,26/11/2024,31/12/2025,2026-10-01 23:10,86,2025-09-01,2025-12-31,0
GOLDGUINEA,2026-01-30,https://www.mcxindia.com/market-data/bhavcopy/GetCommoditywiseBhavCopy,InstrumentName=FUTCOM&Symbol=GOLDGUINEA&Expiry=30JAN2026,26/12/2024,30/01/2026,2026-10-01 23:10,92,2025-09-22,2026-01-30,0
GOLDGUINEA,2026-02-27,https://www.mcxindia.com/market-data/bhavcopy/GetCommoditywiseBhavCopy,InstrumentName=FUTCOM&Symbol=GOLDGUINEA&Expiry=27FEB2026,23/01/2025,27/02/2026,2026-10-01 23:10,113,2025-09-22,2026-02-27,0
GOLDGUINEA,2026-03-31,https://www.mcxindia.com/market-data/bhavcopy/GetCommoditywiseBhavCopy,InstrumentName=FUTCOM&Symbol=GOLDGUINEA&Expiry=31MAR2026,24/02/2025,31/03/2026,2026-10-01 23:10,127,2025-10-01,2026-03-30,0
GOLDGUINEA,2026-04-30,https://www.mcxindia.com/market-data/bhavcopy/GetCommoditywiseBhavCopy,InstrumentName=FUTCOM&Symbol=GOLDGUINEA&Expiry=30APR2026,26/03/2025,30/04/2026,2026-10-01 23:10,127,2025-11-03,2026-04-30,0
GOLDGUINEA,2026-05-29,https://www.mcxindia.com/market-data/bhavcopy/GetCommoditywiseBhavCopy,InstrumentName=FUTCOM&Symbol=GOLDGUINEA&Expiry=29MAY2026,24/04/2025,29/05/2026,2026-10-01 23:10,128,2025-12-01,2026-05-29,0
GOLDGUINEA,2026-06-30,https://www.mcxindia.com/market-data/bhavcopy/GetCommoditywiseBhavCopy,InstrumentName=FUTCOM&Symbol=GOLDGUINEA&Expiry=30JUN2026,26/05/2025,30/06/2026,2026-10-01 23:10,128,2026-01-01,2026-06-30,0
GOLDGUINEA,2026-07-31,https://www.mcxindia.com/market-data/bhavcopy/GetCommoditywiseBhavCopy,InstrumentName=FUTCOM&Symbol=GOLDGUINEA&Expiry=31JUL2026,26/06/2025,31/07/2026,2026-10-01 23:10,130,2026-02-01,2026-07-31,0
GOLDGUINEA,2026-08-31,https://www.mcxindia.com/market-data/bhavcopy/GetCommoditywiseBhavCopy,InstrumentName=FUTCOM&Symbol=GOLDGUINEA&Expiry=31AUG2026,27/07/2025,31/08/2026,2026-10-01 23:10,130,2026-03-02,2026-08-31,0
GOLDGUINEA,2026-09-30,https://www.mcxindia.com/market-data/bhavcopy/GetCommoditywiseBhavCopy,InstrumentName=FUTCOM&Symbol=GOLDGUINEA&Expiry=30SEP2026,26/08/2025,30/09/2026,2026-10-01 23:10,130,2026-04-01,2026-09-30,0
GOLDGUINEA,2026-10-30,https://www.mcxindia.com/market-data/bhavcopy/GetCommoditywiseBhavCopy,InstrumentName=FUTCOM&Symbol=GOLDGUINEA&Expiry=30OCT2026,25/09/2025,01/10/2026,2026-10-01 23:10,109,2026-05-01,2026-09-30,0
GOLDGUINEA,2026-11-30,https://www.mcxindia.com/market-data/bhavcopy/GetCommoditywiseBhavCopy,InstrumentName=FUTCOM&Symbol=GOLDGUINEA&Expiry=30NOV2026,26/10/2025,01/10/2026,2026-10-01 23:10,88,2026-06-01,2026-09-30,0
GOLDGUINEA,2026-12-31,https://www.mcxindia.com/market-data/bhavcopy/GetCommoditywiseBhavCopy,InstrumentName=FUTCOM&Symbol=GOLDGUINEA&Expiry=31DEC2026,26/11/2025,01/10/2026,2026-10-01 23:10,66,2026-07-01,2026-09-30,0
GOLDGUINEA,2027-01-29,https://www.mcxindia.com/market-data/bhavcopy/GetCommoditywiseBhavCopy,InstrumentName=FUTCOM&Symbol=GOLDGUINEA&Expiry=29JAN2027,25/12/2025,01/10/2026,2026-10-01 23:10,43,2026-08-03,2026-09-30,0
GOLDGUINEA,2027-02-26,https://www.mcxindia.com/market-data/bhavcopy/GetCommoditywiseBhavCopy,InstrumentName=FUTCOM&Symbol=GOLDGUINEA&Expiry=26FEB2027,22/01/2026,01/10/2026,2026-10-01 23:10,22,2026-09-01,2026-09-30,0
GOLDM,2024-01-05,https://www.mcxindia.com/market-data/bhavcopy/GetCommoditywiseBhavCopy,InstrumentName=FUTCOM&Symbol=GOLDM&Expiry=05JAN2024,01/12/2022,05/01/2024,2026-10-01 23:10,64,2023-10-10,2024-01-05,0
GOLDM,2024-02-05,https://www.mcxindia.com/market-data/bhavcopy/GetCommoditywiseBhavCopy,InstrumentName=FUTCOM&Symbol=GOLDM&Expiry=05FEB2024,01/01/2023,05/02/2024,2026-10-01 23:10,61,2023-11-10,2024-02-05,0
GOLDM,2024-03-05,https://www.mcxindia.com/market-data/bhavcopy/GetCommoditywiseBhavCopy,InstrumentName=FUTCOM&Symbol=GOLDM&Expiry=05MAR2024,30/01/2023,05/03/2024,2026-10-01 23:10,61,2023-12-08,2024-03-05,0
GOLDM,2024-04-05,https://www.mcxindia.com/market-data/bhavcopy/GetCommoditywiseBhavCopy,InstrumentName=FUTCOM&Symbol=GOLDM&Expiry=05APR2024,02/03/2023,05/04/2024,2026-10-01 23:10,64,2024-01-05,2024-04-05,0
GOLDM,2024-05-03,https://www.mcxindia.com/market-data/bhavcopy/GetCommoditywiseBhavCopy,InstrumentName=FUTCOM&Symbol=GOLDM&Expiry=03MAY2024,30/03/2023,03/05/2024,2026-10-01 23:10,64,2024-02-05,2024-05-03,0
GOLDM,2024-06-05,https://www.mcxindia.com/market-data/bhavcopy/GetCommoditywiseBhavCopy,InstrumentName=FUTCOM&Symbol=GOLDM&Expiry=05JUN2024,02/05/2023,05/06/2024,2026-10-01 23:10,66,2024-03-05,2024-06-05,0
GOLDM,2024-07-05,https://www.mcxindia.com/market-data/bhavcopy/GetCommoditywiseBhavCopy,InstrumentName=FUTCOM&Symbol=GOLDM&Expiry=05JUL2024,01/06/2023,05/07/2024,2026-10-01 23:10,65,2024-04-08,2024-07-05,0
GOLDM,2024-08-05,https://www.mcxindia.com/market-data/bhavcopy/GetCommoditywiseBhavCopy,InstrumentName=FUTCOM&Symbol=GOLDM&Expiry=05AUG2024,02/07/2023,05/08/2024,2026-10-01 23:10,66,2024-05-06,2024-08-05,0
GOLDM,2024-09-05,https://www.mcxindia.com/market-data/bhavcopy/GetCommoditywiseBhavCopy,InstrumentName=FUTCOM&Symbol=GOLDM&Expiry=05SEP2024,02/08/2023,05/09/2024,2026-10-01 23:10,65,2024-06-06,2024-09-05,0
GOLDM,2024-10-04,https://www.mcxindia.com/market-data/bhavcopy/GetCommoditywiseBhavCopy,InstrumentName=FUTCOM&Symbol=GOLDM&Expiry=04OCT2024,31/08/2023,04/10/2024,2026-10-01 23:10,63,2024-07-08,2024-10-04,0
GOLDM,2024-10-31,https://www.mcxindia.com/market-data/bhavcopy/GetCommoditywiseBhavCopy,InstrumentName=FUTCOM&Symbol=GOLDM&Expiry=31OCT2024,27/09/2023,31/10/2024,2026-10-01 23:10,61,2024-08-06,2024-10-31,0
GOLDM,2024-12-05,https://www.mcxindia.com/market-data/bhavcopy/GetCommoditywiseBhavCopy,InstrumentName=FUTCOM&Symbol=GOLDM&Expiry=05DEC2024,01/11/2023,05/12/2024,2026-10-01 23:10,64,2024-09-06,2024-12-05,0
GOLDM,2025-01-03,https://www.mcxindia.com/market-data/bhavcopy/GetCommoditywiseBhavCopy,InstrumentName=FUTCOM&Symbol=GOLDM&Expiry=03JAN2025,30/11/2023,03/01/2025,2026-10-01 23:10,64,2024-10-07,2025-01-03,0
GOLDM,2025-02-05,https://www.mcxindia.com/market-data/bhavcopy/GetCommoditywiseBhavCopy,InstrumentName=FUTCOM&Symbol=GOLDM&Expiry=05FEB2025,02/01/2024,05/02/2025,2026-10-01 23:10,66,2024-11-06,2025-02-05,0
GOLDM,2025-03-05,https://www.mcxindia.com/market-data/bhavcopy/GetCommoditywiseBhavCopy,InstrumentName=FUTCOM&Symbol=GOLDM&Expiry=05MAR2025,30/01/2024,05/03/2025,2026-10-01 23:10,64,2024-12-06,2025-03-05,0
GOLDM,2025-04-04,https://www.mcxindia.com/market-data/bhavcopy/GetCommoditywiseBhavCopy,InstrumentName=FUTCOM&Symbol=GOLDM&Expiry=04APR2025,29/02/2024,04/04/2025,2026-10-01 23:10,66,2025-01-06,2025-04-04,0
GOLDM,2025-05-05,https://www.mcxindia.com/market-data/bhavcopy/GetCommoditywiseBhavCopy,InstrumentName=FUTCOM&Symbol=GOLDM&Expiry=05MAY2025,31/03/2024,05/05/2025,2026-10-01 23:10,62,2025-02-06,2025-05-05,0
GOLDM,2025-06-05,https://www.mcxindia.com/market-data/bhavcopy/GetCommoditywiseBhavCopy,InstrumentName=FUTCOM&Symbol=GOLDM&Expiry=05JUN2025,01/05/2024,05/06/2025,2026-10-01 23:10,65,2025-03-06,2025-06-05,0
GOLDM,2025-07-04,https://www.mcxindia.com/market-data/bhavcopy/GetCommoditywiseBhavCopy,InstrumentName=FUTCOM&Symbol=GOLDM&Expiry=04JUL2025,30/05/2024,04/07/2025,2026-10-01 23:10,64,2025-04-07,2025-07-04,0
GOLDM,2025-08-05,https://www.mcxindia.com/market-data/bhavcopy/GetCommoditywiseBhavCopy,InstrumentName=FUTCOM&Symbol=GOLDM&Expiry=05AUG2025,01/07/2024,05/08/2025,2026-10-01 23:10,66,2025-05-06,2025-08-05,0
GOLDM,2025-09-05,https://www.mcxindia.com/market-data/bhavcopy/GetCommoditywiseBhavCopy,InstrumentName=FUTCOM&Symbol=GOLDM&Expiry=05SEP2025,01/08/2024,05/09/2025,2026-10-01 23:10,65,2025-06-06,2025-09-05,0
GOLDM,2025-10-03,https://www.mcxindia.com/market-data/bhavcopy/GetCommoditywiseBhavCopy,InstrumentName=FUTCOM&Symbol=GOLDM&Expiry=03OCT2025,29/08/2024,03/10/2025,2026-10-01 23:10,63,2025-07-07,2025-10-03,0
GOLDM,2025-11-05,https://www.mcxindia.com/market-data/bhavcopy/GetCommoditywiseBhavCopy,InstrumentName=FUTCOM&Symbol=GOLDM&Expiry=05NOV2025,01/10/2024,05/11/2025,2026-10-01 23:10,64,2025-08-06,2025-11-05,0
GOLDM,2025-12-05,https://www.mcxindia.com/market-data/bhavcopy/GetCommoditywiseBhavCopy,InstrumentName=FUTCOM&Symbol=GOLDM&Expiry=05DEC2025,31/10/2024,05/12/2025,2026-10-01 23:10,64,2025-09-08,2025-12-05,0
GOLDM,2026-01-05,https://www.mcxindia.com/market-data/bhavcopy/GetCommoditywiseBhavCopy,InstrumentName=FUTCOM&Symbol=GOLDM&Expiry=05JAN2026,01/12/2024,05/01/2026,2026-10-01 23:10,74,2025-09-22,2026-01-05,0
GOLDM,2026-02-05,https://www.mcxindia.com/market-data/bhavcopy/GetCommoditywiseBhavCopy,InstrumentName=FUTCOM&Symbol=GOLDM&Expiry=05FEB2026,01/01/2025,05/02/2026,2026-10-01 23:10,97,2025-09-22,2026-02-05,0
GOLDM,2026-03-05,https://www.mcxindia.com/market-data/bhavcopy/GetCommoditywiseBhavCopy,InstrumentName=FUTCOM&Symbol=GOLDM&Expiry=05MAR2026,29/01/2025,05/03/2026,2026-10-01 23:10,117,2025-09-22,2026-03-05,0
GOLDM,2026-04-03,https://www.mcxindia.com/market-data/bhavcopy/GetCommoditywiseBhavCopy,InstrumentName=FUTCOM&Symbol=GOLDM&Expiry=03APR2026,27/02/2025,03/04/2026,2026-10-01 23:10,128,2025-10-06,2026-04-02,0
GOLDM,2026-05-05,https://www.mcxindia.com/market-data/bhavcopy/GetCommoditywiseBhavCopy,InstrumentName=FUTCOM&Symbol=GOLDM&Expiry=05MAY2026,31/03/2025,05/05/2026,2026-10-01 23:10,127,2025-11-06,2026-05-05,0
GOLDM,2026-06-05,https://www.mcxindia.com/market-data/bhavcopy/GetCommoditywiseBhavCopy,InstrumentName=FUTCOM&Symbol=GOLDM&Expiry=05JUN2026,01/05/2025,05/06/2026,2026-10-01 23:10,128,2025-12-08,2026-06-05,0
GOLDM,2026-07-03,https://www.mcxindia.com/market-data/bhavcopy/GetCommoditywiseBhavCopy,InstrumentName=FUTCOM&Symbol=GOLDM&Expiry=03JUL2026,29/05/2025,03/07/2026,2026-10-01 23:10,128,2026-01-06,2026-07-03,0
GOLDM,2026-08-05,https://www.mcxindia.com/market-data/bhavcopy/GetCommoditywiseBhavCopy,InstrumentName=FUTCOM&Symbol=GOLDM&Expiry=05AUG2026,01/07/2025,05/08/2026,2026-10-01 23:10,128,2026-02-06,2026-08-05,0
GOLDM,2026-09-04,https://www.mcxindia.com/market-data/bhavcopy/GetCommoditywiseBhavCopy,InstrumentName=FUTCOM&Symbol=GOLDM&Expiry=04SEP2026,31/07/2025,04/09/2026,2026-10-01 23:10,130,2026-03-06,2026-09-04,0
GOLDM,2026-10-05,https://www.mcxindia.com/market-data/bhavcopy/GetCommoditywiseBhavCopy,InstrumentName=FUTCOM&Symbol=GOLDM&Expiry=05OCT2026,31/08/2025,01/10/2026,2026-10-01 23:10,128,2026-04-06,2026-09-30,0
GOLDM,2026-11-05,https://www.mcxindia.com/market-data/bhavcopy/GetCommoditywiseBhavCopy,InstrumentName=FUTCOM&Symbol=GOLDM&Expiry=05NOV2026,01/10/2025,01/10/2026,2026-10-01 23:10,106,2026-05-06,2026-09-30,0
GOLDM,2026-12-04,https://www.mcxindia.com/market-data/bhavcopy/GetCommoditywiseBhavCopy,InstrumentName=FUTCOM&Symbol=GOLDM&Expiry=04DEC2026,30/10/2025,01/10/2026,2026-10-01 23:10,83,2026-06-08,2026-09-30,0
GOLDM,2027-01-05,https://www.mcxindia.com/market-data/bhavcopy/GetCommoditywiseBhavCopy,InstrumentName=FUTCOM&Symbol=GOLDM&Expiry=05JAN2027,01/12/2025,01/10/2026,2026-10-01 23:10,63,2026-07-06,2026-09-30,0
GOLDM,2027-02-05,https://www.mcxindia.com/market-data/bhavcopy/GetCommoditywiseBhavCopy,InstrumentName=FUTCOM&Symbol=GOLDM&Expiry=05FEB2027,01/01/2026,01/10/2026,2026-10-01 23:10,40,2026-08-06,2026-09-30,0
GOLDM,2027-03-05,https://www.mcxindia.com/market-data/bhavcopy/GetCommoditywiseBhavCopy,InstrumentName=FUTCOM&Symbol=GOLDM&Expiry=05MAR2027,29/01/2026,01/10/2026,2026-10-01 23:10,18,2026-09-07,2026-09-30,0
GOLDPETAL,2024-01-31,https://www.mcxindia.com/market-data/bhavcopy/GetCommoditywiseBhavCopy,InstrumentName=FUTCOM&Symbol=GOLDPETAL&Expiry=31JAN2024,27/12/2022,31/01/2024,2026-10-01 23:10,81,2023-10-10,2024-01-31,0
GOLDPETAL,2024-02-29,https://www.mcxindia.com/market-data/bhavcopy/GetCommoditywiseBhavCopy,InstrumentName=FUTCOM&Symbol=GOLDPETAL&Expiry=29FEB2024,25/01/2023,29/02/2024,2026-10-01 23:10,86,2023-11-01,2024-02-29,0
GOLDPETAL,2024-03-28,https://www.mcxindia.com/market-data/bhavcopy/GetCommoditywiseBhavCopy,InstrumentName=FUTCOM&Symbol=GOLDPETAL&Expiry=28MAR2024,22/02/2023,28/03/2024,2026-10-01 23:10,78,2023-12-08,2024-03-28,0
GOLDPETAL,2024-04-30,https://www.mcxindia.com/market-data/bhavcopy/GetCommoditywiseBhavCopy,InstrumentName=FUTCOM&Symbol=GOLDPETAL&Expiry=30APR2024,27/03/2023,30/04/2024,2026-10-01 23:10,86,2023-12-29,2024-04-30,0
GOLDPETAL,2024-05-31,https://www.mcxindia.com/market-data/bhavcopy/GetCommoditywiseBhavCopy,InstrumentName=FUTCOM&Symbol=GOLDPETAL&Expiry=31MAY2024,27/04/2023,31/05/2024,2026-10-01 23:10,86,2024-02-01,2024-05-31,0
GOLDPETAL,2024-06-28,https://www.mcxindia.com/market-data/bhavcopy/GetCommoditywiseBhavCopy,InstrumentName=FUTCOM&Symbol=GOLDPETAL&Expiry=28JUN2024,25/05/2023,28/06/2024,2026-10-01 23:10,85,2024-03-01,2024-06-28,0
GOLDPETAL,2024-07-31,https://www.mcxindia.com/market-data/bhavcopy/GetCommoditywiseBhavCopy,InstrumentName=FUTCOM&Symbol=GOLDPETAL&Expiry=31JUL2024,27/06/2023,31/07/2024,2026-10-01 23:10,88,2024-04-01,2024-07-31,0
GOLDPETAL,2024-08-30,https://www.mcxindia.com/market-data/bhavcopy/GetCommoditywiseBhavCopy,InstrumentName=FUTCOM&Symbol=GOLDPETAL&Expiry=30AUG2024,27/07/2023,30/08/2024,2026-10-01 23:10,87,2024-05-01,2024-08-30,0
GOLDPETAL,2024-09-30,https://www.mcxindia.com/market-data/bhavcopy/GetCommoditywiseBhavCopy,InstrumentName=FUTCOM&Symbol=GOLDPETAL&Expiry=30SEP2024,27/08/2023,30/09/2024,2026-10-01 23:10,85,2024-06-03,2024-09-30,0
GOLDPETAL,2024-10-31,https://www.mcxindia.com/market-data/bhavcopy/GetCommoditywiseBhavCopy,InstrumentName=FUTCOM&Symbol=GOLDPETAL&Expiry=31OCT2024,27/09/2023,31/10/2024,2026-10-01 23:10,87,2024-07-01,2024-10-31,0
GOLDPETAL,2024-11-29,https://www.mcxindia.com/market-data/bhavcopy/GetCommoditywiseBhavCopy,InstrumentName=FUTCOM&Symbol=GOLDPETAL&Expiry=29NOV2024,26/10/2023,29/11/2024,2026-10-01 23:10,85,2024-08-01,2024-11-29,0
GOLDPETAL,2024-12-31,https://www.mcxindia.com/market-data/bhavcopy/GetCommoditywiseBhavCopy,InstrumentName=FUTCOM&Symbol=GOLDPETAL&Expiry=31DEC2024,27/11/2023,31/12/2024,2026-10-01 23:10,85,2024-09-02,2024-12-31,0
GOLDPETAL,2025-01-31,https://www.mcxindia.com/market-data/bhavcopy/GetCommoditywiseBhavCopy,InstrumentName=FUTCOM&Symbol=GOLDPETAL&Expiry=31JAN2025,28/12/2023,31/01/2025,2026-10-01 23:10,87,2024-10-01,2025-01-31,0
GOLDPETAL,2025-02-28,https://www.mcxindia.com/market-data/bhavcopy/GetCommoditywiseBhavCopy,InstrumentName=FUTCOM&Symbol=GOLDPETAL&Expiry=28FEB2025,25/01/2024,28/02/2025,2026-10-01 23:10,86,2024-11-01,2025-02-28,0
GOLDPETAL,2025-03-31,https://www.mcxindia.com/market-data/bhavcopy/GetCommoditywiseBhavCopy,InstrumentName=FUTCOM&Symbol=GOLDPETAL&Expiry=31MAR2025,25/02/2024,31/03/2025,2026-10-01 23:10,85,2024-12-02,2025-03-28,0
GOLDPETAL,2025-04-30,https://www.mcxindia.com/market-data/bhavcopy/GetCommoditywiseBhavCopy,InstrumentName=FUTCOM&Symbol=GOLDPETAL&Expiry=30APR2025,26/03/2024,30/04/2025,2026-10-01 23:10,86,2025-01-01,2025-04-30,0
GOLDPETAL,2025-05-30,https://www.mcxindia.com/market-data/bhavcopy/GetCommoditywiseBhavCopy,InstrumentName=FUTCOM&Symbol=GOLDPETAL&Expiry=30MAY2025,25/04/2024,30/05/2025,2026-10-01 23:10,85,2025-02-01,2025-05-30,0
GOLDPETAL,2025-06-30,https://www.mcxindia.com/market-data/bhavcopy/GetCommoditywiseBhavCopy,InstrumentName=FUTCOM&Symbol=GOLDPETAL&Expiry=30JUN2025,26/05/2024,30/06/2025,2026-10-01 23:10,85,2025-03-03,2025-06-30,0
GOLDPETAL,2025-07-31,https://www.mcxindia.com/market-data/bhavcopy/GetCommoditywiseBhavCopy,InstrumentName=FUTCOM&Symbol=GOLDPETAL&Expiry=31JUL2025,26/06/2024,31/07/2025,2026-10-01 23:10,87,2025-04-01,2025-07-31,0
GOLDPETAL,2025-08-29,https://www.mcxindia.com/market-data/bhavcopy/GetCommoditywiseBhavCopy,InstrumentName=FUTCOM&Symbol=GOLDPETAL&Expiry=29AUG2025,25/07/2024,29/08/2025,2026-10-01 23:10,86,2025-05-01,2025-08-29,0
GOLDPETAL,2025-09-30,https://www.mcxindia.com/market-data/bhavcopy/GetCommoditywiseBhavCopy,InstrumentName=FUTCOM&Symbol=GOLDPETAL&Expiry=30SEP2025,26/08/2024,30/09/2025,2026-10-01 23:10,86,2025-06-02,2025-09-30,0
GOLDPETAL,2025-10-31,https://www.mcxindia.com/market-data/bhavcopy/GetCommoditywiseBhavCopy,InstrumentName=FUTCOM&Symbol=GOLDPETAL&Expiry=31OCT2025,26/09/2024,31/10/2025,2026-10-01 23:10,87,2025-07-01,2025-10-31,0
GOLDPETAL,2025-11-28,https://www.mcxindia.com/market-data/bhavcopy/GetCommoditywiseBhavCopy,InstrumentName=FUTCOM&Symbol=GOLDPETAL&Expiry=28NOV2025,24/10/2024,28/11/2025,2026-10-01 23:10,84,2025-08-01,2025-11-28,0
GOLDPETAL,2025-12-31,https://www.mcxindia.com/market-data/bhavcopy/GetCommoditywiseBhavCopy,InstrumentName=FUTCOM&Symbol=GOLDPETAL&Expiry=31DEC2025,26/11/2024,31/12/2025,2026-10-01 23:10,86,2025-09-01,2025-12-31,0
GOLDPETAL,2026-01-30,https://www.mcxindia.com/market-data/bhavcopy/GetCommoditywiseBhavCopy,InstrumentName=FUTCOM&Symbol=GOLDPETAL&Expiry=30JAN2026,26/12/2024,30/01/2026,2026-10-01 23:10,92,2025-09-22,2026-01-30,0
GOLDPETAL,2026-02-27,https://www.mcxindia.com/market-data/bhavcopy/GetCommoditywiseBhavCopy,InstrumentName=FUTCOM&Symbol=GOLDPETAL&Expiry=27FEB2026,23/01/2025,27/02/2026,2026-10-01 23:10,113,2025-09-22,2026-02-27,0
GOLDPETAL,2026-03-31,https://www.mcxindia.com/market-data/bhavcopy/GetCommoditywiseBhavCopy,InstrumentName=FUTCOM&Symbol=GOLDPETAL&Expiry=31MAR2026,24/02/2025,31/03/2026,2026-10-01 23:10,127,2025-10-01,2026-03-30,0
GOLDPETAL,2026-04-30,https://www.mcxindia.com/market-data/bhavcopy/GetCommoditywiseBhavCopy,InstrumentName=FUTCOM&Symbol=GOLDPETAL&Expiry=30APR2026,26/03/2025,30/04/2026,2026-10-01 23:10,127,2025-11-03,2026-04-30,0
GOLDPETAL,2026-05-29,https://www.mcxindia.com/market-data/bhavcopy/GetCommoditywiseBhavCopy,InstrumentName=FUTCOM&Symbol=GOLDPETAL&Expiry=29MAY2026,24/04/2025,29/05/2026,2026-10-01 23:10,128,2025-12-01,2026-05-29,0
GOLDPETAL,2026-06-30,https://www.mcxindia.com/market-data/bhavcopy/GetCommoditywiseBhavCopy,InstrumentName=FUTCOM&Symbol=GOLDPETAL&Expiry=30JUN2026,26/05/2025,30/06/2026,2026-10-01 23:10,128,2026-01-01,2026-06-30,0
GOLDPETAL,2026-07-31,https://www.mcxindia.com/market-data/bhavcopy/GetCommoditywiseBhavCopy,InstrumentName=FUTCOM&Symbol=GOLDPETAL&Expiry=31JUL2026,26/06/2025,31/07/2026,2026-10-01 23:10,130,2026-02-01,2026-07-31,0
GOLDPETAL,2026-08-31,https://www.mcxindia.com/market-data/bhavcopy/GetCommoditywiseBhavCopy,InstrumentName=FUTCOM&Symbol=GOLDPETAL&Expiry=31AUG2026,27/07/2025,31/08/2026,2026-10-01 23:10,130,2026-03-02,2026-08-31,0
GOLDPETAL,2026-09-30,https://www.mcxindia.com/market-data/bhavcopy/GetCommoditywiseBhavCopy,InstrumentName=FUTCOM&Symbol=GOLDPETAL&Expiry=30SEP2026,26/08/2025,30/09/2026,2026-10-01 23:10,130,2026-04-01,2026-09-30,0
GOLDPETAL,2026-10-30,https://www.mcxindia.com/market-data/bhavcopy/GetCommoditywiseBhavCopy,InstrumentName=FUTCOM&Symbol=GOLDPETAL&Expiry=30OCT2026,25/09/2025,01/10/2026,2026-10-01 23:10,109,2026-05-01,2026-09-30,0
GOLDPETAL,2026-11-30,https://www.mcxindia.com/market-data/bhavcopy/GetCommoditywiseBhavCopy,InstrumentName=FUTCOM&Symbol=GOLDPETAL&Expiry=30NOV2026,26/10/2025,01/10/2026,2026-10-01 23:10,88,2026-06-01,2026-09-30,0
GOLDPETAL,2026-12-31,https://www.mcxindia.com/market-data/bhavcopy/GetCommoditywiseBhavCopy,InstrumentName=FUTCOM&Symbol=GOLDPETAL&Expiry=31DEC2026,26/11/2025,01/10/2026,2026-10-01 23:10,66,2026-07-01,2026-09-30,0
GOLDPETAL,2027-01-29,https://www.mcxindia.com/market-data/bhavcopy/GetCommoditywiseBhavCopy,InstrumentName=FUTCOM&Symbol=GOLDPETAL&Expiry=29JAN2027,25/12/2025,01/10/2026,2026-10-01 23:10,43,2026-08-03,2026-09-30,0
GOLDPETAL,2027-02-26,https://www.mcxindia.com/market-data/bhavcopy/GetCommoditywiseBhavCopy,InstrumentName=FUTCOM&Symbol=GOLDPETAL&Expiry=26FEB2027,22/01/2026,01/10/2026,2026-10-01 23:10,22,2026-09-01,2026-09-30,0
GOLDTEN,2025-04-30,https://www.mcxindia.com/market-data/bhavcopy/GetCommoditywiseBhavCopy,InstrumentName=FUTCOM&Symbol=GOLDTEN&Expiry=30APR2025,26/03/2024,30/04/2025,2026-10-01 23:10,22,2025-03-31,2025-04-30,0
GOLDTEN,2025-05-30,https://www.mcxindia.com/market-data/bhavcopy/GetCommoditywiseBhavCopy,InstrumentName=FUTCOM&Symbol=GOLDTEN&Expiry=30MAY2025,25/04/2024,30/05/2025,2026-10-01 23:10,44,2025-03-31,2025-05-30,0
GOLDTEN,2025-06-30,https://www.mcxindia.com/market-data/bhavcopy/GetCommoditywiseBhavCopy,InstrumentName=FUTCOM&Symbol=GOLDTEN&Expiry=30JUN2025,26/05/2024,30/06/2025,2026-10-01 23:10,65,2025-03-31,2025-06-30,0
GOLDTEN,2025-07-31,https://www.mcxindia.com/market-data/bhavcopy/GetCommoditywiseBhavCopy,InstrumentName=FUTCOM&Symbol=GOLDTEN&Expiry=31JUL2025,26/06/2024,31/07/2025,2026-10-01 23:10,66,2025-05-01,2025-07-31,0
GOLDTEN,2025-08-29,https://www.mcxindia.com/market-data/bhavcopy/GetCommoditywiseBhavCopy,InstrumentName=FUTCOM&Symbol=GOLDTEN&Expiry=29AUG2025,25/07/2024,29/08/2025,2026-10-01 23:10,64,2025-06-02,2025-08-29,0
GOLDTEN,2025-09-30,https://www.mcxindia.com/market-data/bhavcopy/GetCommoditywiseBhavCopy,InstrumentName=FUTCOM&Symbol=GOLDTEN&Expiry=30SEP2025,26/08/2024,30/09/2025,2026-10-01 23:10,65,2025-07-01,2025-09-30,0
GOLDTEN,2025-10-31,https://www.mcxindia.com/market-data/bhavcopy/GetCommoditywiseBhavCopy,InstrumentName=FUTCOM&Symbol=GOLDTEN&Expiry=31OCT2025,26/09/2024,31/10/2025,2026-10-01 23:10,64,2025-08-01,2025-10-31,0
GOLDTEN,2025-11-28,https://www.mcxindia.com/market-data/bhavcopy/GetCommoditywiseBhavCopy,InstrumentName=FUTCOM&Symbol=GOLDTEN&Expiry=28NOV2025,24/10/2024,28/11/2025,2026-10-01 23:10,64,2025-09-01,2025-11-28,0
GOLDTEN,2025-12-31,https://www.mcxindia.com/market-data/bhavcopy/GetCommoditywiseBhavCopy,InstrumentName=FUTCOM&Symbol=GOLDTEN&Expiry=31DEC2025,26/11/2024,31/12/2025,2026-10-01 23:10,71,2025-09-22,2025-12-31,0
GOLDTEN,2026-01-30,https://www.mcxindia.com/market-data/bhavcopy/GetCommoditywiseBhavCopy,InstrumentName=FUTCOM&Symbol=GOLDTEN&Expiry=30JAN2026,26/12/2024,30/01/2026,2026-10-01 23:10,92,2025-09-22,2026-01-30,0
GOLDTEN,2026-02-27,https://www.mcxindia.com/market-data/bhavcopy/GetCommoditywiseBhavCopy,InstrumentName=FUTCOM&Symbol=GOLDTEN&Expiry=27FEB2026,23/01/2025,27/02/2026,2026-10-01 23:10,113,2025-09-22,2026-02-27,0
GOLDTEN,2026-03-31,https://www.mcxindia.com/market-data/bhavcopy/GetCommoditywiseBhavCopy,InstrumentName=FUTCOM&Symbol=GOLDTEN&Expiry=31MAR2026,24/02/2025,31/03/2026,2026-10-01 23:10,127,2025-10-01,2026-03-30,0
GOLDTEN,2026-04-30,https://www.mcxindia.com/market-data/bhavcopy/GetCommoditywiseBhavCopy,InstrumentName=FUTCOM&Symbol=GOLDTEN&Expiry=30APR2026,26/03/2025,30/04/2026,2026-10-01 23:10,127,2025-11-03,2026-04-30,0
GOLDTEN,2026-05-29,https://www.mcxindia.com/market-data/bhavcopy/GetCommoditywiseBhavCopy,InstrumentName=FUTCOM&Symbol=GOLDTEN&Expiry=29MAY2026,24/04/2025,29/05/2026,2026-10-01 23:10,128,2025-12-01,2026-05-29,0
GOLDTEN,2026-06-30,https://www.mcxindia.com/market-data/bhavcopy/GetCommoditywiseBhavCopy,InstrumentName=FUTCOM&Symbol=GOLDTEN&Expiry=30JUN2026,26/05/2025,30/06/2026,2026-10-01 23:10,128,2026-01-01,2026-06-30,0
GOLDTEN,2026-07-31,https://www.mcxindia.com/market-data/bhavcopy/GetCommoditywiseBhavCopy,InstrumentName=FUTCOM&Symbol=GOLDTEN&Expiry=31JUL2026,26/06/2025,31/07/2026,2026-10-01 23:10,130,2026-02-01,2026-07-31,0
GOLDTEN,2026-08-31,https://www.mcxindia.com/market-data/bhavcopy/GetCommoditywiseBhavCopy,InstrumentName=FUTCOM&Symbol=GOLDTEN&Expiry=31AUG2026,27/07/2025,31/08/2026,2026-10-01 23:10,130,2026-03-02,2026-08-31,0
GOLDTEN,2026-09-30,https://www.mcxindia.com/market-data/bhavcopy/GetCommoditywiseBhavCopy,InstrumentName=FUTCOM&Symbol=GOLDTEN&Expiry=30SEP2026,26/08/2025,30/09/2026,2026-10-01 23:10,130,2026-04-01,2026-09-30,0
GOLDTEN,2026-10-30,https://www.mcxindia.com/market-data/bhavcopy/GetCommoditywiseBhavCopy,InstrumentName=FUTCOM&Symbol=GOLDTEN&Expiry=30OCT2026,25/09/2025,01/10/2026,2026-10-01 23:10,109,2026-05-01,2026-09-30,0
GOLDTEN,2026-11-30,https://www.mcxindia.com/market-data/bhavcopy/GetCommoditywiseBhavCopy,InstrumentName=FUTCOM&Symbol=GOLDTEN&Expiry=30NOV2026,26/10/2025,01/10/2026,2026-10-01 23:10,88,2026-06-01,2026-09-30,0
GOLDTEN,2026-12-31,https://www.mcxindia.com/market-data/bhavcopy/GetCommoditywiseBhavCopy,InstrumentName=FUTCOM&Symbol=GOLDTEN&Expiry=31DEC2026,26/11/2025,01/10/2026,2026-10-01 23:10,66,2026-07-01,2026-09-30,0
GOLDTEN,2027-01-29,https://www.mcxindia.com/market-data/bhavcopy/GetCommoditywiseBhavCopy,InstrumentName=FUTCOM&Symbol=GOLDTEN&Expiry=29JAN2027,25/12/2025,01/10/2026,2026-10-01 23:10,43,2026-08-03,2026-09-30,0
GOLDTEN,2027-02-26,https://www.mcxindia.com/market-data/bhavcopy/GetCommoditywiseBhavCopy,InstrumentName=FUTCOM&Symbol=GOLDTEN&Expiry=26FEB2027,22/01/2026,01/10/2026,2026-10-01 23:10,22,2026-09-01,2026-09-30,0
